,MEDICAL_LICENSE
0,XF4421KzK
1,Nq0116Yka
2,TU1034GDl
3,il3985QHt
4,kH9626pnu
5,in1911lkX
6,im6240sHU
7,Js8239fkP
8,pp8887OTJ
9,Er5422cQs
10,iN4602ZSq
11,sw3205lFl
12,xz1138CFM
13,As9556FRI
14,dp6631WdN
15,uw5021kJk
16,MF8337khI
17,UM3413GUQ
18,Xu9887wEc
19,co9115iUk
20,SL6909RBl
21,vF5275FTz
22,ob0210COy
23,xK3322cGq
24,vK7566NAr
25,Ir6583dJT
26,Td9638kEB
27,gK3942UPe
28,kC4420xok
29,Mp7919QsI
30,MH8478xzW
31,dT0523lGp
32,QT7182IZx
33,ZP7958Jll
34,gA3174PMB
35,Pb1839kuK
36,Wg8378epX
37,iG2022BIc
38,bo3826mFa
39,sd4209tyH
40,ql0164LHG
41,MQ5506XVW
42,DK7195zxP
43,oX3397LNb
44,lx6091czA
45,kS9218YvF
46,Kq7657IHd
47,MY5204ZEZ
48,Zp9261FEk
49,ds4324Oox
50,ZC6052RCY
51,uB0593UPk
52,Dk8531SrI
53,cb3451IZt
54,BV2038bKC
55,AX8685pjk
56,UY8359UXJ
57,jH6710yjc
58,rW3095OBP
59,cU2006xKU
60,iq3042wMn
61,pV3228Buw
62,Rb7234bxh
63,vF1823NOA
64,yO9186yYn
65,wC7093SKm
66,ec7494AVz
67,kG2212PCq
68,FG4063vER
69,tC7394uQa
70,NV5894zxR
71,ML5505yqZ
72,YD5264Nth
73,Jy5965eBG
74,hr4865chZ
75,fh0088abV
76,IA1719oyc
77,Lo0238wup
78,Ke1472cRN
79,dQ1533UeR
80,dA5415aDd
81,Br1949iRh
82,KE3818xlc
83,es3585YrI
84,eV5101rjb
85,me4559JEY
86,UX7430QJp
87,pI6901SVU
88,YV6722Tkd
89,BD9498ynB
90,lY8986XEE
91,wD4882lyf
92,DX3649nJb
93,BH1357RRA
94,kI5395sgq
95,FF6760BOk
96,lG6706hKX
97,ea4831QMB
98,OZ2635xIs
99,yT0316Hul
100,BS2566SmH
101,vv2629kCr
102,Ap7530vOi
103,Xz3975Ofm
104,OK1550ecJ
105,ej6974QLd
106,mG1318omS
107,gH9736KEs
108,zJ5647Plq
109,DA6299XFf
110,zx5914dFl
111,uO7698WeX
112,uR3771YmZ
113,LS9889Vcx
114,wR8454DyG
115,Fm1299TAB
116,sd4099GJM
117,BP2241ZDb
118,uU8139eBQ
119,bf5079nks
120,XH7056WBJ
121,gy3595oWg
122,WP9602NNg
123,Oz2686CRE
124,jf5379jnO
125,Uo4349pws
126,lk4617JfX
127,ZC8177Sax
128,Ei6246JDj
129,nC0229vuz
130,iF1899zhM
131,ZD9595Frx
132,Pg5301Hhq
133,vg4647tFd
134,fd2921AsB
135,qh0857nmg
136,cg2445OGS
137,Kf7588vZG
138,ov6320uky
139,fv0410aQl
140,sA3844OSF
141,hb2685wea
142,yO3407xDP
143,Da9181zdu
144,DC9399Eoe
145,JG6672ICJ
146,lz0026MkO
147,JI8840MMf
148,cc4198tjE
149,TM0319LhR
150,kb7724GLV
151,MW1510quq
152,Cu8012xyg
153,Tl6091hRx
154,cv5824Xll
155,GH6021zfe
156,Ue1393LGr
157,SD4419gYF
158,md3785kLS
159,mo2407JLG
160,KD2666FqI
161,zu1413Sig
162,HN2155txK
163,sj9041Tam
164,Jv6020Cav
165,eL1330mxO
166,Vl0435qRp
167,fC7476KdP
168,sp8163NyZ
169,sY6963iJh
170,CI6049ugK
171,Nn3899FXd
172,mq8234LDb
173,DE7158PxK
174,pz2049dqx
175,yZ0242Cst
176,EU1274USx
177,iH0705LkH
178,Mj1040XkS
179,OC3110WXV
180,Kx1562MQO
181,TZ2705bZJ
182,cK2858syl
183,RM6820boq
184,Dz4739fSI
185,IV3912YtM
186,fR9315aJC
187,Th7828vCg
188,xc8633bNP
189,Uf0736ytN
190,fI9614CYN
191,uV8820Xtk
192,Bz6393Xsa
193,kj1940jqq
194,qp9423rdu
195,dy9953Aqj
196,mU1098FHh
197,UC9130kSQ
198,Wd8472Sug
199,Ns3090rXI
200,QV9599vqm
201,EE4947BgF
202,FB3156mPl
203,cG0038BCk
204,RI8266DAt
205,Kf5569hOK
206,BY9141VKd
207,PJ6959ima
208,Rw5834xAt
209,Vg0711LuQ
210,PY9917cqp
211,LV5899Obk
212,DZ9857gXv
213,oM4666iVa
214,RL5058iSf
215,ql9432nNk
216,Ye1258FbL
217,Kd8675guP
218,qO6936nAz
219,CZ2864ZBY
220,Uj5135Jcl
221,rt4851Twq
222,iC8095UrH
223,oc2666EYb
224,tP0358Vip
225,Kq6491Kvy
226,ra4024Ufu
227,Iz8242OeB
228,ko9303cwq
229,yT3327nYw
230,pW8376Gow
231,iE7763lyD
232,HB8586nug
233,Jx2054dIn
234,ij5312DVA
235,vC8935Upa
236,xH2605bgh
237,AO2208mDz
238,nN0143XOe
239,Sx6278OHy
240,lB7875bus
241,IE9007oSq
242,Nc8384sCb
243,do2104KOu
244,dJ9234GOo
245,zc3661ujn
246,KF6971WaL
247,Bt7128uUb
248,fR5370wUT
249,ah6258Ffw
250,fe9472YTt
251,WK1345JPE
252,PF7105wrm
253,Og0598YyU
254,wd5878QXC
255,OF5802gLU
256,Wg0909vjA
257,NB2741RgJ
258,gO1745IkL
259,Ib3816zMp
260,jT7496dgq
261,az2915ZUg
262,uH7041GtQ
263,hr9866jcG
264,fd9996ZbD
265,DM0787RRx
266,EQ1105wOO
267,nC4826JYw
268,el7151EuN
269,Rj0226DRg
270,Fc1543mXB
271,ZW5864eIx
272,eH2832Zsi
273,px2749Lub
274,xx2928LLv
275,dK2356rTp
276,Zu0099znp
277,sI0032oqb
278,zv1958MHW
279,PG8265fFm
280,xg4558arA
281,yH6554hmk
282,Cf0997PZZ
283,qV3702owA
284,FO8430asa
285,yF2987ykZ
286,MC3683mNp
287,Re6398Ewu
288,ed2707iqS
289,Ar9406ZcS
290,pU9274zSf
291,Kg2998GKA
292,cW7825Uns
293,Gz8651ATM
294,kQ5491uEQ
295,xX5163fps
296,wB3608lxa
297,lL9756EVR
298,KG8446mSw
299,qT9925ZPn
300,aF9940wYm
301,Rb0831pJh
302,AB1346XxT
303,XX5937KdT
304,eR0548Hxs
305,tg4134aCi
306,zW7315FpZ
307,kF0722rza
308,NE5889vBn
309,Yg6723abS
310,uA0716oJP
311,US7937Lic
312,qe7357ZAU
313,MJ1887GlV
314,mv8066ugP
315,pG7136HTb
316,gO7222cuE
317,Qn4250mmM
318,jp3644hjK
319,su3845SnX
320,bG3144AIx
321,TV1477DFT
322,Cy5540cuE
323,js3508ToY
324,vZ7653hRN
325,xa7488YjV
326,gV7646mLN
327,gb9380BCp
328,ta7285qWQ
329,cT3480zfO
330,Vv7818Vnq
331,KN7633hwn
332,EZ5581xiP
333,NE8433DHd
334,HP8281zVg
335,yz4780OvB
336,ME3305zjG
337,zj0429wmC
338,Yy7392Sfw
339,qO8646eWY
340,ax0400jjk
341,RG0977hUm
342,MX6783qex
343,rA3616klK
344,Vh0174jZi
345,qG1670zRT
346,qN3306MoQ
347,mL6950Kxv
348,gB0364bdJ
349,SL3396UCx
350,Bc2670Bzn
351,bG8518pbl
352,KJ4344uWU
353,GR9658hoD
354,kE5652ong
355,qS3576lZq
356,wN3978aEJ
357,AB5148sUn
358,Eq7255Pzt
359,FY6795oTd
360,Xi9166Nzt
361,jz3138ilg
362,aa5406wOX
363,tR1957vXM
364,Dn4517cEz
365,FO9674dbu
366,DT8542eqW
367,aU1062rxs
368,RC3855AJR
369,Ht1150oOj
370,Hg2020wlm
371,az6284bsM
372,jE1942cWT
373,Bu9603DIP
374,zl5095pss
375,CS4437euR
376,aw3098zQM
377,Ho4966yUa
378,Xl0587zfo
379,pG4610KGM
380,Ni3825Mqt
381,bb8087GBq
382,tF1025NEG
383,Mp2960kxd
384,pR6879PeQ
385,Ag2661Gen
386,Zd2286PIx
387,CY6392gio
388,tl0946VmE
389,hm8448neB
390,tK5592IiK
391,sJ6720bTd
392,XU5329tBe
393,dV8811YRR
394,dn5867GNI
395,Dh3047AQM
396,yJ3626YGe
397,Ry4744Cri
398,UH6041foQ
399,Gu1356Nrw
400,Hr0239tJy
401,KM5808DFr
402,dE6667xoX
403,Kd8134ATQ
404,WE9417XqA
405,LU4791AZE
406,XR0059Dyc
407,yb1507qpC
408,MN3788Vgi
409,Gr1325Ylp
410,vn3609akf
411,Lp7239wCG
412,aR1464AXf
413,HM3696MiJ
414,bz3772NCD
415,ls5358xoW
416,bP4591yJV
417,yF9094VGK
418,KM5098ZHd
419,lm7188niS
420,dk1745yJf
421,ku5636ueP
422,xN5629bZV
423,FJ1370Rpo
424,YI0733NOl
425,gQ0668Chu
426,YB3738mUH
427,wd2312kfw
428,AS2706boW
429,Yq8648LAB
430,Bb5997DeF
431,yp9057qmY
432,yG4234Ddd
433,dc0496zCc
434,nM0577ldW
435,wo4004fsL
436,Uv5025sGd
437,xq9275vKU
438,uS8267Npg
439,Jp9201mGf
440,uD5227hpy
441,lt0634ERg
442,ut6927yFq
443,xU8012WCF
444,Zm4681UAO
445,RC5503oJz
446,cu5973XOg
447,cY9256fzl
448,lC4225tNn
449,Yq7579HNc
450,fg7087nsz
451,Ld3924LfR
452,DK7042mKm
453,US6683svu
454,Ja1154QeD
455,vY6149kRV
456,ri0519uNR
457,mn0636Nbz
458,SX1453tDM
459,fA4593cyO
460,yD1128eGs
461,HL7045uFe
462,az3562Fjv
463,om6302iyc
464,NV8113NZK
465,DX5553gYm
466,hr9779flw
467,Mc9427LXZ
468,cB5789ptH
469,Sb9292DCW
470,mm9962sWR
471,Sr6188Wnh
472,Ao3404Oya
473,NE9276nlP
474,UX8171wHn
475,ce5442eyo
476,DP7372mCD
477,QW7558Wsu
478,mh8725yGp
479,Ix5471FCd
480,Sr6161FTe
481,DJ1225rwv
482,Ow6786zEa
483,qO5622vsA
484,LH1564FiV
485,SV0287FRU
486,Id1087UGl
487,RN0667zEY
488,Xt0265Uln
489,jV3218rhv
490,tT2508QOO
491,Tx6915uUB
492,ew4484qAK
493,SC1436XfH
494,BN5443nzk
495,GE3210OYY
496,eP4959XCW
497,WL4985aYn
498,en5549dAc
499,qL2064taw
500,Js6931Wyy
501,rk7471onQ
502,Gt8284ZNJ
503,Zf7293XKm
504,le4303xbZ
505,bU9501Yim
506,EE6471yjb
507,en4591QUS
508,gO4367PTg
509,Bn0438Nwd
510,vR1598QUK
511,hj3664Hpm
512,mI3078UEQ
513,Wq8093KdX
514,re8626ubS
515,Um9783tIO
516,Jv8623Akw
517,JR3565ctG
518,kh6725MBa
519,js7050pqV
520,WN3470zyd
521,yD6800Ial
522,cb3738ztB
523,xc4809Lsp
524,ag5764yPm
525,si1449lRx
526,jH4459mHF
527,ad8484JAz
528,Dl3887zXc
529,Vp6060GTf
530,hc5106mKS
531,YX7317uPu
532,jO1565JgE
533,UI9581Kje
534,UA9623smF
535,vN0944gJJ
536,cj2391XUA
537,Km8003ycP
538,AQ4231sdg
539,Lu1562xxx
540,rM7443zSd
541,Ts0588lkJ
542,tw7773NAg
543,DQ4917ncb
544,Fp9709KvM
545,sb6396UDZ
546,LX0711sHy
547,fz9673lrV
548,kH8894TVN
549,vy1272WDr
550,hk5090vCz
551,fh7275wfP
552,au8975qFe
553,Kk5816Ekd
554,Yq6213zcf
555,dd7852olZ
556,WE4585iuo
557,SU3772sRR
558,Hk4080FKA
559,TL4851aAa
560,YO0376aUG
561,yg3780bEI
562,dV5798BYm
563,GN0541ReC
564,rU7110rbW
565,gO1114Nmh
566,zv7110eBb
567,dn0055Vdc
568,Cw1841mAI
569,Jp7108lZb
570,BC8213bKU
571,Pb4244LUv
572,IU1523wYP
573,rq6096PIF
574,wY0703DBN
575,qu4121ANo
576,IP7759qeZ
577,En8367MZi
578,os9776LnA
579,wd6187yuO
580,CV4530bBr
581,NU0553CZq
582,kb6684TDq
583,uf5887VrN
584,fU1003REG
585,Rf6471AKn
586,DV8107upF
587,OK5241ACn
588,AS4273uzd
589,JU4576sbR
590,aK0054hhs
591,HF0577HHm
592,vW5373nuc
593,Jd4530UYM
594,Vn7571PBq
595,mF1803ebk
596,fc3237uOS
597,Ff2190pVE
598,pl5797QGC
599,ml6043zfM
600,Rk2983TiJ
601,Hf3626ITD
602,ZW7705obK
603,eO5255gnt
604,UX4839gPA
605,kR3338LnW
606,eR4536AKz
607,hW5594cVT
608,jl2881WGP
609,hy5527FTd
610,ku4720xth
611,kw6428KYo
612,BL7915UKf
613,yT7289uVr
614,JX0915hvb
615,VH3153pAZ
616,lq4899lZM
617,xI9494MTQ
618,pn5544lPo
619,LL8971djl
620,UL9749jXZ
621,YZ4176MVU
622,Um2353nrN
623,BP6374Ver
624,YM7204wxS
625,aO1951JWu
626,Yo1429PAE
627,Ia0061TFq
628,mf0453CZY
629,jh7645aqG
630,XJ6522Akt
631,tr8189UGd
632,ea2855zPm
633,uR6374NLZ
634,rk3536IIB
635,hE1875aJX
636,kH2729IwH
637,ww8465miq
638,Ix9642JSd
639,FO2182nTK
640,mi8988oaf
641,KP0330wFF
642,hC6401LBI
643,uu2094TJB
644,JB6518gOB
645,TY9889UJn
646,iH4160gdi
647,ij3204fqr
648,UE4789EDM
649,Og1628jUb
650,Ik4112EwD
651,BQ6412fKL
652,oV8516Ymm
653,uR8073sQJ
654,SU9546gBO
655,aH7548EFz
656,BJ2890gus
657,hs6498mNT
658,NK6975uyX
659,wM3385Vre
660,KZ7291BOu
661,fw4685OlN
662,ZS8443akF
663,cr9999LSc
664,uJ8184UVF
665,ko3516Abf
666,th2084rEc
667,TU9580UEF
668,AC9118omw
669,Ox7288ovJ
670,Oy7340SuW
671,Os0821CXd
672,xT3217oQr
673,bT0450dCQ
674,AJ3575AMJ
675,wv6405PFZ
676,HX9255MqK
677,dZ0424VCl
678,Xv5968tkp
679,pJ4974gQt
680,Wd4088KlN
681,TA2510yUQ
682,rH3815QXv
683,ii8168Dex
684,nP2288xjk
685,ds4458OYx
686,sT3952MZm
687,fv5787gOM
688,MU2677nWO
689,Ba4581QOM
690,um9312Pmu
691,Ks1782NmC
692,Yx4486HMJ
693,LG3330XyJ
694,ud2046yXc
695,YR6442evk
696,pA9035jjg
697,bn4555fHg
698,yg3132dND
699,fT7633xbc
700,hE1728SrA
701,XT3522fnM
702,MW2131MhX
703,HZ4212HSp
704,Mv4028Jqu
705,WJ7375XNo
706,ux3994KrW
707,mS1827inO
708,Gu2065jTj
709,XZ5511Yfc
710,bH0814NZC
711,eR2160xvt
712,qw2266Kxi
713,qr7803lNN
714,lS4237Brp
715,Ox4472FPR
716,sr9893XDH
717,xG0249SZc
718,wt0649imA
719,UX6943yXm
720,oP3265kno
721,kI6428Uro
722,dK0122gxc
723,EL6931Ahs
724,or3613ZgE
725,KP8002Hwk
726,Ue0079DKk
727,XP6340Adf
728,sr3615NuE
729,Wd3302oHi
730,RF2100jOi
731,DW8058BGP
732,tf3849oiA
733,IV1783poa
734,GR7439kgO
735,uM2070IjY
736,JQ7781PhI
737,ot1483dPR
738,Lt8589Toa
739,oy6632JKc
740,rC9804PQh
741,ny7917Bls
742,Ff3700lLS
743,la1465YMv
744,NK2092kvo
745,ve0777yui
746,kl4269kPr
747,qx9535rMw
748,dt0245RhL
749,IA9133jBd
750,Md6117Sws
751,LN4090hNV
752,Lk0058zIn
753,DN4685xAv
754,al5194tWG
755,yk6854UqO
756,li1543VHS
757,Gk4120crE
758,KA9762teJ
759,VC5925oAE
760,PO8415LxV
761,Ds5870Xzi
762,we6307YNe
763,DT3458HFN
764,iA9952jsY
765,xC2707xiH
766,sF2431erP
767,Zb9449eEB
768,vh9951oNq
769,Qy9482dYw
770,Zo4816EfZ
771,Uv6549qxS
772,jS7251IEQ
773,tj7846PfY
774,KM6485nGV
775,vR8535wCj
776,RO0673tVS
777,tz9007yTF
778,Ph1322JOO
779,tH9245uYO
780,Nn3276mIz
781,nJ5855sVh
782,jf9377DDC
783,Sj8653ooG
784,ai5814ppm
785,Tf0444zHP
786,nX5323DqZ
787,Oi9708MVf
788,Mp4292Dce
789,Vy6968daT
790,Zk8667sjE
791,mS9153jJv
792,uU0624Xau
793,MR4222gRg
794,nl3460SBw
795,Mj8117ySx
796,tV9258vEJ
797,si2669xJi
798,wO3779idc
799,de1420uwW
800,mV3415wQa
801,lc7745JFj
802,zA9529XGU
803,qG9456LZA
804,jQ6213VvJ
805,rK3409NAt
806,pU9452ATP
807,ki8150vZT
808,Uf7971ayT
809,mZ7003jPU
810,io5382nnC
811,yJ4073VOU
812,ly1641uEh
813,Cq7797tyN
814,UP5731NHV
815,jh7517uQk
816,PC5007BgG
817,Ws2368Bqj
818,wd5191ERA
819,po3249PlL
820,pT3135Lbc
821,wG6755fMr
822,gq6840WWA
823,EX0764rhc
824,kS6576vET
825,Sg6314Val
826,aD5865nLY
827,yN0974VEx
828,wg0934MPr
829,FQ4503Eew
830,vI4845aDH
831,kl1562mIT
832,yk8828VRv
833,He6708ORB
834,Xp7624sXz
835,pU3494LUJ
836,me3197Ydl
837,oC8626XeA
838,BE6630gqZ
839,rA8215OeC
840,Qw8282eRC
841,Sv6340FDb
842,UH0270Kca
843,dG3559TwR
844,zv0440Nwl
845,ec4990lwc
846,rA6718CFO
847,CV9743Omx
848,JN8568fJX
849,cc2989hBK
850,QN2534Rmk
851,Hr4098pnk
852,EA9290ivV
853,me6057NoX
854,bt3666jcW
855,Xm7999zrh
856,bI6382AvB
857,gy1172SXg
858,xE2356iFp
859,uD1723shR
860,wx6997kPl
861,Gx7334MbR
862,ev4343jwU
863,wz9607kAh
864,Ru6832Qym
865,UF7152zwr
866,hT2393MHs
867,JQ3048bbc
868,VL8746Pxr
869,Ig4305qBv
870,JI2648Uxc
871,ga3994qmV
872,BY1390HXh
873,NT8747YgX
874,Kg5106MlA
875,TH1687gzu
876,bR0152YgE
877,Mx7735YmK
878,jQ4722ZbX
879,Wc0086ZIk
880,vy8585GNZ
881,uE9555NHP
882,Rh9142dgA
883,ji4694sVy
884,wh8200poT
885,Oy6541KzB
886,ox7915MSU
887,xi7941kuq
888,wi2098JQf
889,pW5272cfw
890,Lc9364HDf
891,hD0024MNL
892,KC1412RMp
893,sS6404SyE
894,fB6583sfb
895,Xp0686hTK
896,Fb6558sRh
897,Vm4515DWb
898,ay0689twc
899,qN0786drz
900,CC0764Vcm
901,nw2906BBY
902,Up9109Ejt
903,IV2954kty
904,Nj4176bAf
905,Mx5862Asd
906,Gx7182HuF
907,AD3035vuI
908,yv0239eAX
909,Fe4885gIA
910,Zm9679UVe
911,pL7414rgd
912,wQ2906lVW
913,cx7801dsM
914,KT7508MOm
915,YK5302OCD
916,oq0315xqc
917,WG6538ntY
918,nN5328SBp
919,Qt3978Bah
920,KV0885TjU
921,ao7174Rkw
922,ma8401bkP
923,VH9940IKq
924,Gx2710SWz
925,rl6584JFc
926,Yv5714ZVR
927,Sl3781sOV
928,Oo9264ytE
929,RR6905sdK
930,Ae9643uvg
931,bU2676elN
932,DO9920KLy
933,xN2087xaH
934,rf0050GXC
935,fd5606atE
936,mO3073IGl
937,mM1390cpc
938,XY9062wKi
939,VV6952tbn
940,JS2814aOr
941,ld5142kMH
942,Ok2789amj
943,sA8119ahq
944,pI6906APJ
945,sI8648DUI
946,ST2940nso
947,xJ9524ZaC
948,zV3718LBA
949,hX1037FTK
950,FM6181nfM
951,EB9349UAI
952,Zb3225IrV
953,cx7649kvu
954,Ul5841etq
955,Kw7265kqZ
956,gr3276ZLW
957,oU9228HyF
958,zG3971lJP
959,uA2388CCp
960,dv9845qze
961,vi6988BoA
962,fK6104Hsv
963,Pa4709jqb
964,TS2637qGW
965,Yf8387SYM
966,Ot4092eIF
967,LF0542qzi
968,su3299Hsk
969,ne8933sTi
970,tu0845rcR
971,RY8957cks
972,Tb0651XXm
973,qb1398Fpw
974,wm9827ILY
975,rL0662YWI
976,rH5257toF
977,vH1611cys
978,mD4959xJn
979,St7103zrZ
980,yP5081WFs
981,cE1301qEj
982,cT8955tED
983,rJ2708XjO
984,Is9361kmV
985,qr2720ZnW
986,sX2949uqc
987,UD2631WYD
988,EV6343fPL
989,Kx9364gsj
990,Rs8753igS
991,Mw9310Yvx
992,Zn8779QTp
993,ZA0845gLU
994,ya6882HBQ
995,cQ2675pcN
996,he3087NOB
997,dV8339zeK
998,FS1478DgM
999,vP1383UUZ
1000,fg1315dyy
1001,UK4760nHq
1002,yM9002Yoj
1003,AC4194liC
1004,ho1556jtd
1005,oQ4260JEf
1006,Vk6376pJn
1007,op0895TcA
1008,pQ4286ozu
1009,wa7252BIh
1010,Kt5028mKz
1011,iE0046SCQ
1012,Fs2775hnM
1013,qm2282wYo
1014,kc5544qcs
1015,EE5488cMl
1016,VY5702ZKE
1017,Lx2435ibW
1018,Pz1429qMG
1019,eh7014ZoU
1020,Rk6778zlW
1021,sa4903QMT
1022,KR8801gZK
1023,CD3089TZS
1024,YN0865VKp
1025,Xk1117Gnv
1026,NE7491jQv
1027,dm7607EXa
1028,zz4321WPt
1029,rJ1501KEo
1030,Ft7191GTv
1031,Uh8104ZgC
1032,Xv4497Yqm
1033,Bz8162aTE
1034,Lc8968OLJ
1035,lM1976OoD
1036,ky1037zKE
1037,vU6133xbT
1038,Ha3077Kkp
1039,Sw6599NUb
1040,nZ0123lUZ
1041,VX9432tuu
1042,lT6023WQs
1043,Er0500yXh
1044,XP3314zEP
1045,mU3697RGH
1046,Id8426QDw
1047,qz2773eWB
1048,yq0029lhS
1049,tN5186JOm
1050,KE3631vzz
1051,bt3855KSA
1052,ou8490vys
1053,Dj0862PYW
1054,Xq8148EvO
1055,OD7215YiX
1056,KT1140DWz
1057,RP5958nuV
1058,nR5911zfT
1059,Nz8738BrA
1060,an1949fdp
1061,KH5790FRt
1062,QV9157JDE
1063,Pi5566GZN
1064,oR9541Qhx
1065,EA1501vak
1066,sO9404Dse
1067,mr3718tLr
1068,tJ5080ahM
1069,ru1059hmH
1070,hJ7168YLI
1071,nZ0329emy
1072,fF4491tpC
1073,RD8342xGQ
1074,Sg1629qmi
1075,lh1106tmo
1076,Mq5338iJX
1077,KC8337DRJ
1078,ZQ7948ArI
1079,zP5793lmE
1080,wk5437wTQ
1081,Yo5032iht
1082,Py1703Sgp
1083,fe9538Qxf
1084,mJ3888NzC
1085,TQ0159WRB
1086,xP3540NTr
1087,gC9828zrQ
1088,Pc9885Vhx
1089,oP6442sFy
1090,Rl0312ovI
1091,oL3656TZf
1092,oh0083NrM
1093,Ye0089jqO
1094,sg1909pik
1095,UG2678gBm
1096,HP3384VZN
1097,XY3623ZjJ
1098,jr6219FnM
1099,Lg3698ZGB
1100,Hr6533uhR
1101,Ue7057VeL
1102,Vs9187THf
1103,NF2699iml
1104,bc0086fOF
1105,tT4225uxH
1106,DG0049ffZ
1107,qs2283jUW
1108,gX4385Zup
1109,Di2524Mcf
1110,Bt9109wBW
1111,VH4172opv
1112,dO1104ghn
1113,Xv6389oSD
1114,Aj7220qxN
1115,PR8062DfH
1116,gV2033Xyw
1117,EJ9576fZd
1118,IT3692nKq
1119,Lt5645XwX
1120,MY7352PvN
1121,gR1174ZfF
1122,yZ7117VTV
1123,lI4112Khz
1124,Sy6631mjA
1125,AP9475vDQ
1126,DD8236UbO
1127,CY7997LJZ
1128,mu9685wiQ
1129,ZL6066XrK
1130,Dc5565feo
1131,Hh7032BQh
1132,vu0912fvY
1133,Qz1775LeQ
1134,CN1163xZV
1135,rw5908ZMr
1136,XI8640DIw
1137,HS3319Ind
1138,Xf3828oty
1139,nB9758jwZ
1140,MQ6028piL
1141,oE7597iKL
1142,xV3882uPC
1143,nu5422shg
1144,Kg9955yDU
1145,Qa1488nyJ
1146,fm0513Dqu
1147,yh9879wPj
1148,KX5030HMf
1149,cU2373qdX
1150,Wb2116qEH
1151,nR1124BBo
1152,VG9800uMZ
1153,xx0862ZGF
1154,oJ6935IrA
1155,SW3738fVF
1156,Kb7857PZk
1157,dG0632HuN
1158,dQ0486zBs
1159,Ky7122OfI
1160,bS7236bUA
1161,Yx0775ckq
1162,eE0728JTw
1163,Rw8793Otv
1164,jW6904efp
1165,WV8056WNe
1166,nj4162unk
1167,lE4913gtp
1168,qE2604Twf
1169,HT0030eMD
1170,PJ9573CWP
1171,PA1130OSX
1172,gt5943kOM
1173,SK2188VOp
1174,Ql5669PWN
1175,nR9455LHo
1176,mT1933cCy
1177,rU2426Mde
1178,ay9161abN
1179,VB8369JeL
1180,Bl3073glx
1181,nC1742hiO
1182,zW3651Xts
1183,Pn9302yTT
1184,CY3071XHL
1185,Zu2690qgY
1186,QB9306lXY
1187,ak0452Qlr
1188,Rb4420fGz
1189,wt1389JOg
1190,pJ9521ltj
1191,Ov8605HHf
1192,Dq1438Sij
1193,LY1520GBL
1194,KT2047Dat
1195,fD0824qFn
1196,ju5984iph
1197,zp8127NzZ
1198,Hx3357IlH
1199,HJ0548qUG
1200,ii5680HdS
1201,Lr2885dFr
1202,En5715NZs
1203,Om2336AQn
1204,oa0469pQt
1205,GK6396YbQ
1206,aj2333TDC
1207,NP3719IEj
1208,Ce3139eak
1209,qw5426HFm
1210,xB8757PeV
1211,VK6463uHC
1212,Tw8480Yoh
1213,vb3828cSM
1214,Ig9159AQv
1215,Rm6666WAU
1216,vy7158yeB
1217,VS0004MqT
1218,Vt9376Pyl
1219,Gz1765JwT
1220,JK4858OHF
1221,Ct6272AOJ
1222,DY9414drq
1223,QU2927TwR
1224,rm4776KQv
1225,Po3052yNw
1226,yW4927qti
1227,ai3602jTG
1228,qS2226OFa
1229,dU2735yAz
1230,CL1605IsG
1231,YM0075dNb
1232,qB2631GIs
1233,tI7760Wkc
1234,sO4392esC
1235,SF4845zez
1236,rM2151AmG
1237,qX4371XmH
1238,yW8978ivW
1239,WI7654lwS
1240,hs9030sVi
1241,aZ0932jkI
1242,nR2889iUf
1243,Jl5643IGC
1244,Pj7650DKE
1245,LH2950hpQ
1246,bM9654qIk
1247,GF0647FAS
1248,hP0647Cuz
1249,Pa8794PiS
1250,Qr0806MIH
1251,zO1550Bkg
1252,Fw6787PCt
1253,ba6784Fkr
1254,Vp7895YIA
1255,DO3856Ggg
1256,Sm0180GnR
1257,ad2063ybb
1258,Up3381mAe
1259,Ud1777NSK
1260,UZ2421ynK
1261,KM4639SOC
1262,nn0889eQi
1263,UA5008PtP
1264,zF2263ELb
1265,vy4821VIu
1266,qG1677ZUG
1267,cy9405YbY
1268,bS8608aeS
1269,Gp1451Qrs
1270,dT4017xWH
1271,EW3166eoA
1272,CS0456Vgs
1273,jT5936dGy
1274,Tl3033gWy
1275,hV6242VeF
1276,Tz8696AnY
1277,RM5417AyP
1278,CU9290TZD
1279,zi7732uGp
1280,cb0968xhi
1281,HO3448cSU
1282,jq5421WlR
1283,qX7017sII
1284,va9359Xfg
1285,XE6178YxU
1286,pH0345vQW
1287,CM3461Qdb
1288,YT1820Ynh
1289,BV3839kLt
1290,jo5640MOG
1291,ht1153Hba
1292,eB4933YLi
1293,MD3966zNO
1294,Es4193OSD
1295,Fk7173iwu
1296,PR3343dEF
1297,aQ6364fWh
1298,Eu2493QOj
1299,FJ1899Zaf
1300,VQ8252WLL
1301,qB0226rWl
1302,yJ9861iSl
1303,lv7505apg
1304,hh1717oro
1305,cq0421lKL
1306,oJ1948YMc
1307,Qm1933sPn
1308,uT3152cNc
1309,Gt7717EQb
1310,iJ1897uvr
1311,xX1372HvX
1312,FU9075cHQ
1313,uI0708zBw
1314,wz7357ffq
1315,qF1490hYF
1316,GB3524CEh
1317,Ky7306KMU
1318,pb2049pvg
1319,Tp1998AyW
1320,lt5290Kaf
1321,yj7116Hyi
1322,xi4331Dpb
1323,nR2551Jkc
1324,BQ9094nnn
1325,iJ1927Xat
1326,XJ0472tfD
1327,pp1727xFn
1328,UZ9479SqO
1329,le9356etO
1330,wz1385bZk
1331,WG9881waw
1332,PR1836iaC
1333,KK6207rAA
1334,dF3219cnN
1335,RY6394Pyb
1336,Qw8790bCn
1337,VS0323IzW
1338,zZ2144wgv
1339,HM9058Qls
1340,Bl1386zBN
1341,aH7315oyj
1342,wp3409IeX
1343,Jn5781opU
1344,qJ0964EpN
1345,CE6364zwI
1346,YV8557zVg
1347,vj0682Dvl
1348,CX7108aqR
1349,or0947NQb
1350,NB8210pKV
1351,Qr4069aXl
1352,tr6337egE
1353,xR0913ibQ
1354,DD0903HOT
1355,wZ1401jWT
1356,KF3819mJN
1357,Ty0647Suq
1358,cw2524ipy
1359,ND2551wrP
1360,IK5906ase
1361,oq3510zQh
1362,JZ1254WCL
1363,JS2303dUe
1364,Mr7171mxI
1365,XF3908dri
1366,SZ0127Cos
1367,Nc9112JXQ
1368,sJ4829eYN
1369,MU4693fdE
1370,fA5152mDZ
1371,ey4697soy
1372,wt8232UYQ
1373,eD2992mKa
1374,eY7605TrK
1375,qY5608kzV
1376,pr6488ybd
1377,Sr2773hla
1378,Fn1522hdb
1379,pE6126JQc
1380,PX2548ABb
1381,oN7341XyC
1382,CV0931oXT
1383,iY0266QXi
1384,DQ0727kvA
1385,TN8917FLq
1386,pS2923VGa
1387,vF3814gmC
1388,ID1952aNf
1389,ib0940svE
1390,KJ4767AwS
1391,wG4816PzA
1392,Tm9800AEI
1393,FC2529FaU
1394,Kh7110igu
1395,wp5441TWS
1396,Cq3676mBN
1397,Qo6219Zah
1398,Qu7625sgK
1399,lS7075JpM
1400,NJ7030SCj
1401,fk1325GdJ
1402,rE2157nuA
1403,Iz9296Clw
1404,wM6142gci
1405,mo0749UxD
1406,kA8019cYP
1407,mC8832QwS
1408,iS5798Ynv
1409,SG8143diB
1410,oD9893OkD
1411,xz8920IVN
1412,dY7000tmL
1413,Mw0787mfF
1414,DS7241BMD
1415,pT7702pCd
1416,vW4901fkN
1417,LY1742chd
1418,iC1925RRb
1419,jS4786SuO
1420,Kt0928TwV
1421,LA9430NGQ
1422,FW9122tJD
1423,CH3885BEw
1424,Bd9362RQF
1425,db3274fMr
1426,lh5147Vgv
1427,MO8391IpU
1428,WB7500fgC
1429,xe2323qYV
1430,IG7347UKg
1431,dV0509VBi
1432,rx0401gQg
1433,eo2257SqA
1434,Kg6983sBs
1435,oI0047HsC
1436,Zs1034xjm
1437,Hk4449yRU
1438,IZ4404Ufr
1439,la6139zYW
1440,wO1813nGf
1441,en3640bns
1442,UF2177GPd
1443,Ax4390lqZ
1444,pU7365QWc
1445,bv3571zph
1446,bG4426xYh
1447,ME3927bnx
1448,ki9105vMC
1449,vH1037jhS
1450,aV8547vnC
1451,sa8898pvB
1452,df3797GPv
1453,Zb9459gPo
1454,pP2335cjv
1455,FE3719DLY
1456,PE1658ALU
1457,kp6678ZhN
1458,ji6492pMA
1459,xp2461xpF
1460,hR9833zZl
1461,kp2875eSF
1462,UE6329nCW
1463,Sp7246yAG
1464,fW3575Yaz
1465,SY9490csT
1466,by0195TQI
1467,at2245bOp
1468,WS5108ler
1469,AQ0612LBT
1470,iA3402bLp
1471,sj4300Lyn
1472,pi6684Set
1473,Pz0219YAh
1474,Fb6300vvo
1475,un1146luF
1476,ES3727Euk
1477,SU6333pfi
1478,jC4582OhE
1479,cs4415DzA
1480,ew5446BNk
1481,lN6666KYl
1482,SS0458Rhz
1483,Mv8470ycv
1484,jn2258Xjo
1485,Pf4537LGF
1486,Lu7380INv
1487,Iv0976XJY
1488,hR1996PjP
1489,aw0855jEO
1490,nA1638eYT
1491,OL5571ABF
1492,Jy2686QyQ
1493,zW3120cOD
1494,Iy8913Byi
1495,tE7821hqe
1496,dF8021MgA
1497,dH2910uZr
1498,Lv8788bJR
1499,YF0639KKt
1500,va0832WwS
1501,dU1653mcz
1502,ov0677yLK
1503,HS8614HFr
1504,ps1320THN
1505,FY3981COl
1506,gi3840MrF
1507,iK8647kni
1508,TS2265PRc
1509,uF5687SSZ
1510,rd8686IcW
1511,JU2857KuZ
1512,Ag8980rMl
1513,CG6534QJa
1514,kt1846jvc
1515,oK6927lmH
1516,ua2841fYu
1517,BU3690VRd
1518,YD3330hCz
1519,KD2883gTI
1520,oF2567CJj
1521,SJ8862gNd
1522,NN4004Rdh
1523,Jd6819ViY
1524,hX0065tlD
1525,rQ1322AYp
1526,Nt4354Xsa
1527,Qr5514rje
1528,Nu2211hgb
1529,yP6278Srb
1530,cb7048oVc
1531,Fy2082BTx
1532,hv1589Vgc
1533,NS7309GoB
1534,Jb3581dHU
1535,jY0736gFF
1536,wM5058uHG
1537,rO6752WsK
1538,we8581BeG
1539,DX9136lIf
1540,Xb2008Yty
1541,Wy8128lzF
1542,Bn2377wDF
1543,iB5713ldX
1544,eb2708RZb
1545,qi0244yuM
1546,iG1990SrB
1547,ei8114gfq
1548,BO5760eIw
1549,zp4082DbD
1550,JL6438sqH
1551,AE3403qWJ
1552,Vx0543Wld
1553,qY4937YHm
1554,JN0755VFb
1555,ON7902Slm
1556,OH8348EHK
1557,Qj3634YPk
1558,Jp3676Vtc
1559,OA9880MRT
1560,dw1329dvD
1561,Ln5867TLU
1562,nd3965GCz
1563,sl6066YcJ
1564,Kw2784hqv
1565,uo3160Mym
1566,lH4996VRO
1567,xW1722ggP
1568,as6230XDh
1569,uY4747rRq
1570,XM4957cYJ
1571,yN9616bec
1572,ut0274Oxf
1573,qf7056Cju
1574,iQ8470HFG
1575,rp9225OSa
1576,Rv9919WPW
1577,Rn5765ynU
1578,DC6039QmY
1579,Qb2647CZj
1580,PN4959XcS
1581,gb3623wUA
1582,it9817SOH
1583,fV4978EyV
1584,TM9340XXR
1585,pu3506IKH
1586,LM5153FHb
1587,OI9236YaC
1588,dj0262jXl
1589,uv2867WDO
1590,Vi1763pRo
1591,Iz2813wVo
1592,td6311EMD
1593,TB0020WRr
1594,IM8100kxe
1595,EU7056tnp
1596,fc9129oPq
1597,rw8861xAJ
1598,QU8792Ixj
1599,XB8008SwP
1600,DT7681qdI
1601,Ha2805pAQ
1602,AW3180HrO
1603,MX2176Kkw
1604,ej7763iMe
1605,zW4798kxx
1606,VF6382NRg
1607,eP5261tig
1608,AN7005alV
1609,jp6637zRr
1610,il5082VTq
1611,yq8787tlh
1612,sI3890jzo
1613,St2413hyM
1614,Vy7283CWW
1615,Xt9876SXJ
1616,zR0237bAH
1617,Cw2675ZoM
1618,eT1783Zuz
1619,PP2086ogA
1620,Ew0263sDN
1621,vM2255AOU
1622,uR7408VCL
1623,HN0329UsX
1624,rn7578hMw
1625,rc4441nus
1626,mB1652MCX
1627,YY5717cxO
1628,Cu4902vTL
1629,bs5825Vfu
1630,TR5193MLu
1631,Re2325vEG
1632,GE6912yyR
1633,fl2948FXa
1634,zy3736KIa
1635,PB2258jRg
1636,md9528iup
1637,rB3394btA
1638,ES4364dPA
1639,Fn7568jBD
1640,Je2895HGg
1641,Bu6155SJK
1642,ec9780vOk
1643,GA9034GSN
1644,Iz3435yiz
1645,Lh2288AdC
1646,ht7377WqL
1647,Sz5053VuF
1648,Gw4366zJk
1649,Mi7846UNg
1650,qg6959cmA
1651,VC3288PeU
1652,eu0658xzM
1653,vE0570oJp
1654,oc4888obh
1655,Fi5878Ydo
1656,QF0457wVo
1657,tY7162GTC
1658,IF3969iqQ
1659,ZI2319rNA
1660,dT1656Ukh
1661,nT7693eHQ
1662,wY0909OWk
1663,zg8995dHg
1664,ky0029ybb
1665,JT0503KKw
1666,ZG8857nCc
1667,mZ7035mqO
1668,An7433kAI
1669,dX2592jwu
1670,bC5305hFf
1671,pl9955YLZ
1672,cr8463kJO
1673,QH2818AzQ
1674,TJ4043oGm
1675,jg0793imi
1676,xR3952kJv
1677,qa9925iTR
1678,vT4216ujJ
1679,ts8038Grt
1680,td1920JjY
1681,yb4481zTm
1682,bs5684urv
1683,Lg0087HQB
1684,MS0669ejc
1685,Ut7847cwy
1686,xQ0522xIT
1687,WS7612kfC
1688,pr4398rml
1689,cd1639WGW
1690,LL2148vvA
1691,TM8330oTh
1692,qr6758vgN
1693,Ny8834lvl
1694,Yi8712AHC
1695,jN2034dGR
1696,dd9463DHR
1697,yM4858gpd
1698,fI7433oov
1699,NV5263oLZ
1700,Kj8514fOB
1701,Na5096znN
1702,ZK4455hAN
1703,tC1426aMy
1704,zF6474tVT
1705,QD6226eHl
1706,rG5567MPo
1707,Ts3342ZaJ
1708,We7358lCb
1709,FN3140dVv
1710,nZ7696Mde
1711,jH0078LPT
1712,Cq2622AMm
1713,go9070urC
1714,JM4288HzK
1715,gY9336izk
1716,Gc2482osg
1717,tn2299ykJ
1718,VZ7943SWU
1719,Oc5410tMg
1720,VQ4448QgE
1721,jy2797ppP
1722,YC5764Fpb
1723,SG2953xos
1724,Ho3907mbl
1725,WH1767PFs
1726,JJ8892xZE
1727,vX9485ynB
1728,qO3721sLm
1729,NA0464CXP
1730,JM2638SEP
1731,oW5107qXz
1732,Ie9719bzg
1733,cU5247koB
1734,yB6872GPY
1735,GG1434HyD
1736,Kx8689pCH
1737,Nk9631pCU
1738,HD1523aPP
1739,UQ9091eWZ
1740,bu1335zuM
1741,Rg9069KUY
1742,Gi7158CYb
1743,mY3572Kzn
1744,Td4265SaR
1745,LC0059WcZ
1746,qu1006YqG
1747,RO3037KWl
1748,eX7105WKF
1749,bt9968opc
1750,bq5884esj
1751,uV1621Afv
1752,ji9883TgO
1753,tm0662sjW
1754,FT4774aHw
1755,QH1897YVM
1756,TY3169PsI
1757,Sn8494NKE
1758,dY3801GMu
1759,of8135ZeO
1760,zQ1020scB
1761,VI2946NYw
1762,Dy8752QpX
1763,Jj9064CDa
1764,DV9367wUi
1765,aV8053hfi
1766,do5880Nwq
1767,jJ7699IuH
1768,wh9785HGM
1769,sN1454lgt
1770,KL5324jtL
1771,dI4262GVi
1772,Ur1420ERz
1773,FA7196dMB
1774,HJ1375tIG
1775,xT0828hrX
1776,xG6440XSL
1777,pQ9253zfq
1778,Zk7101GJI
1779,un7785kvX
1780,XF9349SHF
1781,Ko7596eCP
1782,mf7258TiS
1783,oP8487ukh
1784,ML1939KiX
1785,mQ7618YqS
1786,YO5684img
1787,YR3429KFa
1788,iI9599DWb
1789,Ix9334whF
1790,Vj0257fqC
1791,Rm8468Vre
1792,cl5737gOO
1793,Ed8096ENR
1794,Gm2736SGk
1795,gx9161wwy
1796,Wc2684LCi
1797,eQ1536auL
1798,Zs6465bdt
1799,KT8430Wxz
1800,ak5802Jsj
1801,sa7081oPH
1802,MQ3605Abe
1803,lH4198xvf
1804,NZ3456VZI
1805,VC7128QPz
1806,tN7869lNN
1807,vR9562Pfm
1808,nA2063MPS
1809,eB3172rLC
1810,rX3289ggs
1811,SJ7542IkY
1812,FE6139Nzo
1813,Bj1655lJs
1814,xK8145Zqk
1815,Bu3758Yrh
1816,wD0041fab
1817,oc5023aBB
1818,BC1411diP
1819,IE4012RdA
1820,rY2823TQX
1821,wo1655tTb
1822,gc2208Orh
1823,PJ9427Cza
1824,mr1034uIZ
1825,zn8323qGb
1826,Wx2233Mda
1827,AJ9265vYm
1828,VX1957DYX
1829,Ay0577KPt
1830,fM8670iGW
1831,qz3198eTm
1832,Mu5990FwW
1833,hN6905Nus
1834,jg4201bzp
1835,kS0883OCF
1836,JC8229Zcz
1837,AP8426HLL
1838,bm1195bVu
1839,Pv5772MpL
1840,vU8493vFH
1841,Ze1624RDA
1842,qp4835uBn
1843,Ib1455hZB
1844,FJ4557zwF
1845,qn3743byS
1846,lc0626MjJ
1847,oB3084zmM
1848,tv9537dVk
1849,Pf8004epi
1850,OS3597aCp
1851,Ua0328PqD
1852,oC6075tZV
1853,aU4315dMn
1854,bt0428Ldx
1855,nT4852Xeq
1856,aa9370vRc
1857,mN5564zGU
1858,Fv7163LUO
1859,Qe9385tOV
1860,xW0374DyY
1861,TY1374UGn
1862,xF8862azF
1863,KQ7281gGB
1864,NX7328Mno
1865,jf2362xOe
1866,Sq9476AGm
1867,sE9531WQn
1868,bo3443CCU
1869,tP9164wSG
1870,hn4066ARd
1871,XV1735aTz
1872,ty0573Dtl
1873,YB5170OrA
1874,xJ1892zrl
1875,SI8912ZaZ
1876,Ng1485LkI
1877,Ec7895gij
1878,rg8833JyJ
1879,AO6131Rvp
1880,ug7835eYY
1881,qY1024Jtj
1882,ro2859Uhv
1883,IJ5505RZU
1884,NP6812aoo
1885,NV5887OUb
1886,sY4076rQj
1887,MC3309rsI
1888,vZ6829JZP
1889,tq4514jyx
1890,jk7529ZsH
1891,vy0016Bpm
1892,wR7916Cbe
1893,KI6546FHX
1894,fp1395huI
1895,Sh6230Lgv
1896,Az2851GZk
1897,iy6042kLS
1898,UR1241aaq
1899,kY3509zDX
1900,rp2963Zji
1901,cR1108Cpf
1902,Mm8658NhX
1903,Lc4946yFN
1904,qD3087xvT
1905,NR9534PFw
1906,kn5510AJs
1907,pI2523FaZ
1908,qo7656GjW
1909,oW5521JYD
1910,OF2484KlN
1911,dB5225QRf
1912,uM5871otC
1913,yQ5918vbG
1914,xF9638Nbp
1915,yx7088LXL
1916,SX8742xGY
1917,VP1888pyz
1918,Fu8321zud
1919,yr1537Myt
1920,fV8242AUj
1921,DY2305AOb
1922,uD9800DGI
1923,MY9692byn
1924,rF1585JLE
1925,Wl0761kCK
1926,LS4971hvn
1927,dz6953POm
1928,xj2166Qup
1929,Rd2480QTj
1930,uK5058tzU
1931,IZ8551qmR
1932,FS9247GpP
1933,Zh1001SLm
1934,MY7855cNQ
1935,Ru5074bXv
1936,sZ0216HJg
1937,iq3526PFJ
1938,kX8631xyc
1939,jl3089SHo
1940,Mf0808gaI
1941,pj6247mTW
1942,GO5697YHG
1943,xL9829Yyw
1944,qD6174sHE
1945,FE9474nhq
1946,Iw4606HeV
1947,ma1020cAV
1948,KR5129mnO
1949,DH7543uhP
1950,kH6490UIW
1951,yA7105IsE
1952,kL5135LZl
1953,gq2330rMA
1954,TB1684zDV
1955,Kw7419pyI
1956,QZ0565pwD
1957,Cx8057cPP
1958,WC2260zZC
1959,Uz6253DAX
1960,xq5489YEt
1961,Vr4772eGA
1962,uk5439WDb
1963,Bg3852BjJ
1964,wD8429nNS
1965,Jf1653BFc
1966,Xs7080mBU
1967,pF2168mJW
1968,id2874scP
1969,cp0885mfF
1970,dh4849ujL
1971,oC6529FzM
1972,iB0950bLa
1973,Ob3861ZRc
1974,QI3753IYl
1975,kF5220eQg
1976,EB9777cdQ
1977,yI9545gwn
1978,mG8782cXv
1979,Hh8995eng
1980,uK4272Jfi
1981,mO9643iuM
1982,JX8899EQU
1983,LE2895KER
1984,wM1450zWb
1985,JW9655Isw
1986,my0792fZJ
1987,gZ9538zhf
1988,Oe5333mhr
1989,Ik0657RPR
1990,JB3684rsH
1991,AO3516pAr
1992,MP9783qXc
1993,ot7368ovm
1994,Is4665aJv
1995,vB5928CSy
1996,UR9021DdL
1997,JV1948wdc
1998,yC8296Pqc
1999,OB4388NdN
2000,gL7190BmM
2001,yG3601uYt
2002,jA5342geo
2003,kM5650wYh
2004,vw5005ncc
2005,Ih4309JgQ
2006,Xk6770INr
2007,sB2417ZEC
2008,CM2219sWA
2009,Db5048cGg
2010,Dr9549xrk
2011,gC7303CSJ
2012,nf9695yQk
2013,Aj4846SaZ
2014,VC6882ijE
2015,vm7999Lzl
2016,HP2836SPk
2017,fY2942mNf
2018,RR4530EPZ
2019,xZ3892Xbq
2020,jR1960YPe
2021,OM6465gqQ
2022,Vc2523ojt
2023,RQ4207gAH
2024,UP4675FCA
2025,KT0883BtG
2026,Bx2670uTt
2027,Rd5576OGT
2028,ck3842ubh
2029,la7683ArU
2030,vi8760mri
2031,TN9072rbV
2032,yz0596XFx
2033,ci9725LDw
2034,At5398Uza
2035,XE5354KLZ
2036,rU4683SaG
2037,TM3748rTn
2038,cU7955bGB
2039,nK6378RQw
2040,UA5122BWb
2041,zs4541xzo
2042,Bz4811bkp
2043,lm8110iEB
2044,zO2354Jgr
2045,DL5121TQJ
2046,nn6384uil
2047,iC1388crn
2048,uW2861VNa
2049,IY7949Mak
2050,eP6329pKF
2051,wW1798kNX
2052,ve1915rxt
2053,wb9558CyY
2054,mP4126bvC
2055,MH3854NGz
2056,dn0640Znb
2057,OX3997ilT
2058,aS9844vtb
2059,oc6591FYl
2060,wH7845VPZ
2061,MA8259Hjd
2062,Fa5791QWP
2063,AP6520RJc
2064,rV1873DcK
2065,jC6531Qui
2066,Cr6836dTR
2067,JG6601QQn
2068,Yu7426ydz
2069,Vm5929QYl
2070,nw2050kRM
2071,hf3650eDW
2072,Vm9660RxI
2073,TT5516enJ
2074,wE0960RVt
2075,lA2980zkH
2076,UW8061OYj
2077,Ag9267xys
2078,qR6650HBZ
2079,Gx2000Ocb
2080,eo3681XkJ
2081,si4034Gdk
2082,lv9412WwD
2083,mI3023WDh
2084,kE2240gxU
2085,sU6049xRe
2086,JW4147zSp
2087,LB6104DyP
2088,EW3616znL
2089,Zs0370Dms
2090,gL4681utv
2091,lj7996RaX
2092,zg1591FrD
2093,uO6512SPN
2094,HE4581Yln
2095,FK8365MOg
2096,fi9317uOW
2097,dR1429WPB
2098,Wk3067tpu
2099,Zj8303rVN
2100,fc6074zew
2101,Ew5525cdY
2102,NI8646TCK
2103,hN5634dOB
2104,AS0076mLJ
2105,cu1365UjT
2106,jD7659gmB
2107,dS6984qhl
2108,ie4215DZU
2109,Wf8954FIR
2110,Be0356jIV
2111,kA3718xqz
2112,ys9365wCA
2113,mi2881lVU
2114,Bm7436xfo
2115,hh2447WzB
2116,hc0192sRH
2117,Ch8810UjF
2118,iB4076vZc
2119,Cg8851rOQ
2120,bO5787tDF
2121,gA4796fIa
2122,Bk2031yUL
2123,eK5441Pyk
2124,nb6873eai
2125,ir8139Lrg
2126,Kd8949uHC
2127,ni8863wae
2128,Cc5895ABl
2129,Ba5141ijw
2130,wg4964Lkn
2131,mX4542xsR
2132,BU8816FRd
2133,tJ5707dMt
2134,VQ0655qzc
2135,cG9479agp
2136,JJ7970sQd
2137,wD3306eAf
2138,Kp9135EpG
2139,Te5338rkA
2140,tB2368QqD
2141,ke4633hYE
2142,fx4523Cbt
2143,tE3224Ydi
2144,kX6460OIU
2145,qW2239xQV
2146,ME5732mOp
2147,IT9998PTw
2148,IY7185okK
2149,Cc8762pnr
2150,yK2771dGt
2151,di7037CBT
2152,xy5955EuL
2153,yG8340tpH
2154,lZ3946XLM
2155,Aa5925JCa
2156,mn4103Shw
2157,qt4560KWb
2158,cg7386YPW
2159,Zr3357EcA
2160,uk9332pUG
2161,si6180Ccw
2162,zS4617uEh
2163,AF4181UWx
2164,GO8006OfG
2165,jV7289Zzn
2166,Dw5202FTr
2167,kj0197QLa
2168,HJ9829mev
2169,GX9796Zdy
2170,SM9943eqc
2171,go4861KVE
2172,zx9656RuO
2173,uu5394hwA
2174,jN1294bff
2175,aX1167Ees
2176,Rm5781AyG
2177,zr4763EOL
2178,iI7526dVt
2179,EX6569tuA
2180,Sw1411azv
2181,eQ6501GzJ
2182,Jc4207rOi
2183,dN6745Ddo
2184,mp9752Via
2185,QG6667Dhw
2186,rX1336DJx
2187,mR7888GuH
2188,Ni5893lWv
2189,qZ7568YDs
2190,nO1973zzf
2191,Hn7057GDv
2192,fS5569hnq
2193,Qo1677Rna
2194,RW3429cgh
2195,tk7252Grk
2196,gI3881BjQ
2197,jh3214IOX
2198,ik5059BrC
2199,di2370yar
2200,lr1501Akq
2201,YP6600GSs
2202,NP4445fYY
2203,Pc8491vGm
2204,KG2779ggN
2205,UK2212JdC
2206,TO8724ZSo
2207,tD8782qPl
2208,hU0880DrC
2209,Lo4727Umi
2210,As4567qOk
2211,Vt0090vnw
2212,Dh2371ryM
2213,Of0019tUe
2214,Ds4593PRl
2215,Ps5344ecj
2216,gC8180tzv
2217,wv5654ELn
2218,iW3303PIx
2219,sR7864IYi
2220,Cb1662VIQ
2221,GY5815Pys
2222,On6611qjP
2223,JT0564wTe
2224,bN2098Zin
2225,Zj3862kIS
2226,ns6082OYP
2227,kv0546VMP
2228,RH5842Pxd
2229,SQ2146qmD
2230,iy5878fwn
2231,Qk4663vfv
2232,tE3612UKv
2233,qt3973lOX
2234,nw3399YSW
2235,Vx9601wRp
2236,kX7930wKw
2237,sU6035VHY
2238,EW1484Rsh
2239,Oy6129dtc
2240,eK8848gWa
2241,FR6358Yuw
2242,Lj3522rCk
2243,TM3524PNl
2244,ZX9331OUU
2245,zv2455iMx
2246,TQ5663PbY
2247,gG5215xoc
2248,Jr1155qrJ
2249,Xz5106FyC
2250,Vu7083goG
2251,gM6278omr
2252,sw6286UXt
2253,Ql4224heY
2254,nN9079peK
2255,LK0238OMd
2256,Iz3438Egy
2257,YH7421QSA
2258,AD8069bAk
2259,fF7011eUB
2260,zA9113jbV
2261,nc3938vcM
2262,Cw9638qaJ
2263,oT1282xVn
2264,oU7666jFI
2265,qG2904rpO
2266,kW4646KyM
2267,jM8749tkm
2268,qW3734Eec
2269,wF2744yFz
2270,xr3929OmF
2271,Iu0232ShI
2272,Bf1028ydV
2273,rC8964opR
2274,ta5468drv
2275,vg6760wYX
2276,QS6536oxv
2277,ju6325KNV
2278,hE1115NUV
2279,yG5523Ouu
2280,Ft6432BFk
2281,Ft6595WKz
2282,Vy3307ZVC
2283,Cj9506cGt
2284,UA5289Fut
2285,Fh3746YIN
2286,pX4742PPM
2287,Wo4581Ncm
2288,mc9741qCK
2289,ry8067yJT
2290,Nx3519vuQ
2291,nP7984ejH
2292,ix0358jUZ
2293,qX3593sYL
2294,dI6541wQU
2295,mm5153jen
2296,Ye5619iiK
2297,fC6431SNJ
2298,qQ3165dyc
2299,wS1603yUu
2300,Bz2083twx
2301,DP3373CIN
2302,Bf8435PEx
2303,Ou8748Arj
2304,bx3597SqP
2305,CX3385BSu
2306,qj6508AED
2307,UB7842geK
2308,ox8511dyG
2309,Xo1489ZIH
2310,JK6601wvZ
2311,en4676gQc
2312,PJ2630OlB
2313,hG3311Ovx
2314,ol1044qdi
2315,nt9984JxW
2316,MV8482nAa
2317,fV7209Ymc
2318,PN8593ZZL
2319,bD4541wEY
2320,Pi9337LMC
2321,kO3918atB
2322,sz7993WyV
2323,aV3879rrD
2324,VH0850IPf
2325,wj3192NYW
2326,QA7072WNg
2327,vh4304Vqp
2328,Qe1905Lsi
2329,Lx0689BAe
2330,nP7346bij
2331,Di9753bEu
2332,op2377nDY
2333,Oo3893rRW
2334,ur4492HGf
2335,of4722kmx
2336,Ou1875KAO
2337,lz6909FRu
2338,cz7797xmD
2339,Tf0196qOB
2340,zh8227SGd
2341,of6424FBs
2342,oo2286Cfy
2343,Qq7180Fqg
2344,Fv2045IAu
2345,ah4634PvX
2346,zD0087qrc
2347,qI9747aIh
2348,UU9638OkZ
2349,eK4521ezJ
2350,mV6398BhL
2351,On6611Qjd
2352,dt0209BLz
2353,Pf5314bmu
2354,JW5093nlb
2355,Yh5081gDO
2356,rX2706xuN
2357,vA5544jTs
2358,zc3366lKZ
2359,hT7919XMl
2360,ia8326CUv
2361,OI3680fqB
2362,xl3226jjy
2363,Jm0139aRA
2364,Zt5595Dgr
2365,DI2477aei
2366,Oy4390pur
2367,ZV8774ohn
2368,Vh1794lgb
2369,Zn0347tGP
2370,aJ9743SXJ
2371,dr5213WnD
2372,Dp5262woq
2373,pZ1801ZKh
2374,fu4958QHD
2375,hF9451aNj
2376,nO2828Obk
2377,sg8144cel
2378,Gy8113BIl
2379,gN4698Crs
2380,rE6105hQQ
2381,UE0743jjB
2382,da6209OlZ
2383,EO3169AAG
2384,VJ5894Zfz
2385,tE3874hyb
2386,cl1770iPU
2387,xs7131WIz
2388,MD6546Req
2389,Bp7299CTN
2390,kB4881ZPe
2391,TV9876zhD
2392,hX1813ceU
2393,cC9529xGD
2394,BW8632MGP
2395,Xv5770ASh
2396,oh5793ZaH
2397,zz8599HXB
2398,fu1662ooH
2399,zp6428EMp
2400,WT9471nzD
2401,mx6631gjA
2402,BE6586cps
2403,NB7934KjJ
2404,vP3105UxA
2405,dm9946sJT
2406,Os3820cfq
2407,cg1509ooF
2408,gI1981VrQ
2409,yD2039zEE
2410,XB2407WSy
2411,Df5340AVa
2412,yx1713pHR
2413,Qp5120POJ
2414,jb7554rfP
2415,ik7356Ecy
2416,lt0382aGz
2417,BW5721hvJ
2418,gD0039jkX
2419,zX8370zqt
2420,jI3148yvE
2421,xx3807QRk
2422,Yc4698BaP
2423,lu4300aLa
2424,Lu7417sSV
2425,Av9339HrL
2426,Tc6540HPM
2427,Dp4568oMS
2428,Ea4211nQF
2429,Al5125dhF
2430,Lg4148yic
2431,Ab1032ZgL
2432,yT3534ztx
2433,pk5611imt
2434,ul9202cAm
2435,jf8132Hbe
2436,VW7852Yms
2437,vk8256tNG
2438,Ju2266xlI
2439,SU1868pjG
2440,kL2823aGj
2441,Yi4339Shi
2442,Og3353AIw
2443,ai1650uMR
2444,Pj2338IKG
2445,UY4689gEA
2446,UN5798wdH
2447,xg9868eUQ
2448,fb5025rVe
2449,eN8092zin
2450,Go9349erQ
2451,vt4471YQm
2452,Ua4797ixT
2453,Mk3353Wxt
2454,oT1170Zex
2455,GV8098ZCR
2456,CV0436Wnt
2457,Zl9834lWu
2458,PD9683umM
2459,LK0421rKl
2460,Pa5262cBn
2461,yi6691YrZ
2462,cF4775LDi
2463,Au5449xUy
2464,CU0535jXL
2465,QN5382cmq
2466,pd8531bkj
2467,kf1188JPI
2468,jB2652HDV
2469,Ph7804elR
2470,lm6598mZg
2471,db4178xLy
2472,Sw5156PWg
2473,RD1321miu
2474,MQ8623ask
2475,EF0565JII
2476,vH4479Pkw
2477,Wt7346rcY
2478,Yk7296CfM
2479,nX8658sds
2480,PZ1632Ngm
2481,eg1878wKd
2482,sO4005Tpy
2483,PT4096wQX
2484,Zl8545TIb
2485,GF6453kFR
2486,UM7964arX
2487,qG5305KBP
2488,Fo8378qYd
2489,xM5736TRE
2490,IN6657Hvb
2491,Dh2738LwX
2492,Ei4885uKq
2493,ZT2657bvK
2494,nF9539yti
2495,TA8118pHx
2496,Og5325OlS
2497,Av8354jiP
2498,Do5186rAF
2499,hZ6114DTG
2500,ed4386tzf
2501,OV5984UEX
2502,fH5077mZM
2503,JT4121pHX
2504,Qr7945pVl
2505,cB3412wBZ
2506,La7069pqz
2507,Pk7594AQu
2508,MU5799LPc
2509,FT1220nRp
2510,mD1954cjY
2511,AY8619Kri
2512,OA9645EcS
2513,UU5838MYJ
2514,LQ4594bYp
2515,KE3412MPp
2516,pj7430gLu
2517,zP5368UBm
2518,Me0412zZz
2519,QJ4706pfd
2520,ZF1220ptq
2521,az0784tcx
2522,gK7330tah
2523,fN7031OIa
2524,XE3215Kfe
2525,QU7151iZH
2526,vi7647KPx
2527,Zr4312fZh
2528,la7099qOH
2529,nX4773NBq
2530,RJ7113INR
2531,gs6017HrL
2532,zO5343ENM
2533,ke7790mWR
2534,Ds7953DEZ
2535,lK8049Eph
2536,Qk5286TTx
2537,os4975LqH
2538,kX6717IRw
2539,Cc9769zJp
2540,by0622WyQ
2541,wN6838tDm
2542,jA2844yTc
2543,Ja6390LqU
2544,qK1836ddm
2545,eE3585xdx
2546,dP3626EAv
2547,vb0481FjE
2548,zG1122Dac
2549,CG5869dXG
2550,Op3505CIk
2551,BA4439ynm
2552,gM9941Cyy
2553,CJ1135XjM
2554,kf7143QzQ
2555,qf8067MIw
2556,yL8456Ygl
2557,dy5798XLi
2558,ZV6996Rwv
2559,xg7678zPB
2560,bf0255yqI
2561,cY9651pXW
2562,AG0663akG
2563,Hz4893DsB
2564,ZL1920yqZ
2565,rW1230zZD
2566,bz8013cpI
2567,hD4780hyc
2568,cu7863uzn
2569,ip3515jPB
2570,yy2533YTl
2571,Hn0968YYf
2572,CF1550EwR
2573,VC5360CBQ
2574,Pa7341fsI
2575,GM5479XyM
2576,ht3362Pvj
2577,OO7945Sqr
2578,iM1854iZb
2579,nz7311TPh
2580,jL4512LUT
2581,Nl0684gfk
2582,OI1096yUa
2583,Bp0137GJZ
2584,go1126amH
2585,GV4475YXO
2586,FR6572PVz
2587,Ks9751MOf
2588,TO3575zgW
2589,uG3431GDl
2590,yZ6035psn
2591,Pa3484VNE
2592,Fa4564teD
2593,xX0873BYu
2594,LK6925wrH
2595,Ih5678KmK
2596,ah8916WJE
2597,eT1962swT
2598,ED9489dZs
2599,uT8961SjE
2600,fV6624pTH
2601,DC4937zFk
2602,TF3170UPC
2603,Gp9548iPm
2604,bm1128JOB
2605,lp7779yos
2606,kr8434sqA
2607,Av0081fuv
2608,iL5879cmL
2609,iU7130KQf
2610,Bz8235fyx
2611,XV9275XnR
2612,Hm5071Rab
2613,pL0431hBC
2614,Ys5009ZsG
2615,hc7632NFj
2616,ZT7461YXV
2617,zy4110pER
2618,nR4155ErH
2619,wJ2967svR
2620,hR6156Hoi
2621,Fy4118Shm
2622,AW6670rqW
2623,oK5012ltC
2624,hb9770DxE
2625,Dx8740KoL
2626,Ej4293tVO
2627,eh3658QBA
2628,GL3067jik
2629,ZR9208KGX
2630,Yg5143aKu
2631,yf3798bdW
2632,lD0451vaT
2633,dd9602BoF
2634,cY3111pNZ
2635,MM4786dUf
2636,bI8907mYN
2637,Pu8602NAl
2638,JP6966Pyz
2639,zd0440XGs
2640,aW5971luC
2641,dy3065xRW
2642,xw3036UaE
2643,OB3956bKL
2644,mW1138yuo
2645,Wj6368gXI
2646,qI6311nlP
2647,PS3150upW
2648,JW9330IuV
2649,ws7386qIV
2650,Ui5406NJt
2651,XM8647eOS
2652,dp5567alh
2653,qw7889coI
2654,PH3530kFv
2655,MG6421EOb
2656,Ac8788xMk
2657,rF3799cze
2658,Zc2116Vgu
2659,Yy9028mqk
2660,BT0228LsO
2661,ps8273oSH
2662,kI5262ySm
2663,xZ4439Ptx
2664,Uk6535LiN
2665,ES1431wEq
2666,zt7636BxU
2667,HV2412IrP
2668,UI0880buy
2669,vB5181kAv
2670,pY6689TCS
2671,de9295Mzu
2672,ta1495fIV
2673,mK8842ShM
2674,ZH3206lxE
2675,ek9199IVK
2676,Wi7371VkP
2677,iC6683QQp
2678,bD6443aaA
2679,nt6903FFg
2680,zv9029bDA
2681,Mg2857UiQ
2682,ev9924AAh
2683,eD0144AkU
2684,Ul9688etE
2685,ra0307oDb
2686,nO4566GCp
2687,iG5962qiM
2688,Cb6145WIk
2689,Pw3738WBE
2690,cR1486WUQ
2691,Ee6429rvb
2692,Hp9651WnB
2693,sm5204NAp
2694,Zy0101IiD
2695,yp9283Prh
2696,Gk7117beq
2697,Wq3619uYk
2698,FY3428xxX
2699,Rj8171rkU
2700,qI9640tRj
2701,Kh0165qso
2702,FF6103ZVk
2703,hM3290RSc
2704,iK8021Bhj
2705,Fo1241xJI
2706,vP4834wEm
2707,AI3690XjU
2708,gf0634knX
2709,WI6718UOG
2710,Ol8387ibE
2711,tj1866ukU
2712,Xd8828UzV
2713,Kp9738xTC
2714,wL1538aEB
2715,ko7363GFk
2716,gJ0148FNH
2717,hG9183kiS
2718,Lu3614APg
2719,mt9044evD
2720,Qg9173vhj
2721,cv5320RNd
2722,ah1353Xru
2723,ep8186pmx
2724,jb4231bYr
2725,iK8384OnW
2726,HR4451DMh
2727,lb3438KXK
2728,nW5275YmZ
2729,wa1652PyJ
2730,HI5025zpF
2731,uY0079aFv
2732,Xs6525aae
2733,xI1974RQr
2734,Js9138WwK
2735,gi3369Qju
2736,TM2882lrD
2737,fz4579EfX
2738,LM3009qFJ
2739,jQ6203gDE
2740,ab8791YOb
2741,Gi8573PcW
2742,cx4502GQU
2743,vO7076zhw
2744,aZ4004lDq
2745,ZN4981cgT
2746,Gh1359CpM
2747,sz4179SQx
2748,yK4931psn
2749,vD1649GBh
2750,qi0304aWX
2751,Cr3125zYh
2752,Pd1671tle
2753,qr3640vuq
2754,uK6537ETr
2755,xU7207isU
2756,nq5102NbJ
2757,kZ1837FjP
2758,Zt7278RqE
2759,ve8958YdA
2760,dT9875tBp
2761,Rb5907cTi
2762,ps0083Als
2763,pC9359kPx
2764,xh2259Xls
2765,yG4740SPA
2766,gb7561MON
2767,TP9940SnM
2768,uq3083Xlr
2769,ZI3332Sjf
2770,DB4053ubR
2771,XT5091ZzZ
2772,DT6365MKR
2773,ZN4527KFF
2774,Wq5423TvO
2775,Yi6508HYd
2776,wq0420oBb
2777,Gv5875nRO
2778,CM5477FaU
2779,AK4102VEI
2780,jS7403aEL
2781,gN2699Ttj
2782,tC9193FcS
2783,ZB1256lbw
2784,xn9060VrF
2785,aK0795Edr
2786,Kt9164XqK
2787,lG3597bJZ
2788,SL0390mEE
2789,gW1681pny
2790,mo0397CAT
2791,Xz4641tQN
2792,sH0404OvL
2793,mb8466MIS
2794,wM8708QZw
2795,Um1842zcP
2796,DE6385VLo
2797,wN2131XDi
2798,mV0593Ksm
2799,sB6354eMW
2800,md8896umc
2801,iC6824DHu
2802,lb5135aCb
2803,oO5427rGv
2804,la1901aej
2805,Ow3953jLw
2806,El3232hNi
2807,gv3945cvj
2808,jj6346NyK
2809,rG2111Dmv
2810,eS8443TIK
2811,WC7508ZmU
2812,cM7113vXf
2813,dM6149aEr
2814,zr9972eaC
2815,Xa5424XGD
2816,Yd6953cCI
2817,xS3943Dfn
2818,bq5344wUd
2819,aL7852tmG
2820,mR4270CPu
2821,Ev6141pKH
2822,Ju4859ytC
2823,mh3394EmV
2824,uw7621lVN
2825,Jf7595iuV
2826,NT9996pth
2827,kL2856vcz
2828,To9531BEi
2829,aO4280pBa
2830,wD2548gon
2831,ys5108YOr
2832,HE8181PRX
2833,yZ8801rsV
2834,fk9824zQh
2835,Ru8956bpW
2836,yL6499lOb
2837,An7015Qdg
2838,KR3663Nhk
2839,MI9603Gfp
2840,Ig6304tgo
2841,mX7722YMh
2842,GB7563IaU
2843,XS3897Feu
2844,Ne5398MNn
2845,Ce7119IJi
2846,dY0538jJg
2847,rn2657KSD
2848,Oy0716iNQ
2849,mN7478kuK
2850,YT1684iNh
2851,gF1431QPh
2852,Sz1277eaQ
2853,GZ5082GRc
2854,ck3299kaw
2855,DZ4453QEz
2856,xH3788BpM
2857,eq6461oSb
2858,Lv0944xqy
2859,wv0887MiN
2860,BM9795INH
2861,ev7438tWq
2862,Ye8021fEU
2863,sJ5093Czh
2864,fu2921OoJ
2865,vk2375wss
2866,Wp2043xcL
2867,nf8663cmf
2868,oD0385Otg
2869,li9754UFC
2870,AJ8178AKc
2871,Bx4688zWQ
2872,on2399hIy
2873,yT6672Ivx
2874,Zl4613Zkt
2875,wE0104HMS
2876,mL3176PYR
2877,zX5535WqD
2878,Mx6043IXl
2879,iB5261Wtk
2880,YC0991aOL
2881,xn3508HOf
2882,au8488LKW
2883,qG8075ZPY
2884,Pl1157zhJ
2885,cz1954WKm
2886,Oj7717BjM
2887,PT7841wMT
2888,At6805Pvn
2889,vq7318wjg
2890,mV4123fto
2891,zU9304ioq
2892,DL2535nmp
2893,cS9441NAZ
2894,dI6400KXW
2895,fQ6950KBn
2896,XT1065wsi
2897,Qe2054jpr
2898,JD2623hWW
2899,Mw0742Upv
2900,xP6134HcC
2901,hj4856KUE
2902,Ns5817Ndi
2903,cU0068wRe
2904,Ls3120kiv
2905,tN4676Yhs
2906,yM8086GhD
2907,OL0995lrM
2908,py4785eGl
2909,so5851ksl
2910,Yd5186ZnZ
2911,TL0173wOM
2912,hD3628KtY
2913,xE4569Asr
2914,Il3950oJc
2915,rP5083iDP
2916,zc1609zEv
2917,zQ6478vyf
2918,cZ2486BSo
2919,Yw5751QCZ
2920,Zs5611JfE
2921,em2336rhN
2922,ia8358kdl
2923,kz2217noK
2924,xQ8033TVA
2925,Ox9660LlQ
2926,pG6887LYt
2927,Jq6786puv
2928,mZ0031gQY
2929,NA8641sUu
2930,zA2032FyC
2931,zA6191gFE
2932,yc9795vaw
2933,Nr6936ThN
2934,hw3379nzo
2935,Qz1809YKr
2936,ba0116EWQ
2937,Sn6803xui
2938,qc7700iYA
2939,TC8382byo
2940,ie9077jDD
2941,yb9747JAO
2942,co1720kcl
2943,WU8260teU
2944,Ew8204DFS
2945,Xv7587oma
2946,sx8748AQa
2947,Ez6063lDJ
2948,Ya2475stU
2949,EK8557vJI
2950,dl5607SNK
2951,Ex3385KlF
2952,kN7407bGl
2953,yU6420VFu
2954,mP5475rYi
2955,xO1064reL
2956,Sx2985Wqn
2957,ZX8322gCt
2958,ds7168nhu
2959,JB3891eSl
2960,pb1007HYL
2961,go8825uAt
2962,SR7973atd
2963,Jk2404Rom
2964,vl2133KYG
2965,Gb5948rvz
2966,yW1105rdQ
2967,dy7676VNe
2968,LS9923ZQy
2969,lB0081tQD
2970,qx8641hfu
2971,zv1480vku
2972,cd8383Rau
2973,si1102CHh
2974,gy2948ngW
2975,Fh3029lCA
2976,pJ1432VyH
2977,hd9526CXE
2978,Vr3039VjH
2979,IU6341gVp
2980,Ft1690ISd
2981,DG2054qSV
2982,Pa3763SWi
2983,MD3566INm
2984,wu8253URU
2985,rg1152xPB
2986,JX8973myM
2987,hE5641Zjf
2988,Pw0351EOr
2989,ST4724fqS
2990,gi8198Eiz
2991,WC8490hfc
2992,LM7406hKd
2993,jl6839BXE
2994,Gc1306EWl
2995,Ab2298zas
2996,lY6652nFP
2997,qA0491Scb
2998,tZ7311vTb
2999,IR7019PrD
3000,AJ1411Onv
3001,yQ1007OMJ
3002,ui8223rTi
3003,qU4492Mxl
3004,de9176byv
3005,gQ1643GID
3006,NZ4438JJQ
3007,pt8803CCM
3008,QN5351iYY
3009,dh2808fxl
3010,TZ2073dPH
3011,eO1531eBA
3012,Ls5715LId
3013,vU2751XfI
3014,FQ9881Kko
3015,HM2008SVh
3016,Ix1863tRX
3017,qX2412bGz
3018,My9076VXJ
3019,Qx1077pQz
3020,rn8493FmC
3021,Uz2510hhZ
3022,YF7209OIQ
3023,MG2172oFD
3024,iE4605tCr
3025,du2733Kih
3026,ux7467Qdd
3027,VL5263eBO
3028,Fy0989gNu
3029,Xt8027UiS
3030,aJ5797HSu
3031,RV7583ZKl
3032,pC2301mRk
3033,gb9432QFL
3034,ed6226TvH
3035,Dh4607puw
3036,pT1068zth
3037,hg3117dVN
3038,OO1008CkX
3039,nO2057nld
3040,Co6093VSD
3041,Zm5401kWH
3042,IA6255uSI
3043,TA3670ltQ
3044,Ws2417Gbd
3045,Tt7345YXK
3046,Eg5613hVR
3047,nh5201EQM
3048,nx0695zDC
3049,Dp6629NYM
3050,ym9814HmQ
3051,AQ9878utH
3052,Iy4842Raw
3053,gX5298pRt
3054,wb5539nYk
3055,rs5933quo
3056,Im6477KND
3057,wk4392GPR
3058,TJ0199Zoj
3059,jz3323DKA
3060,ji5647RBf
3061,BE7699pah
3062,xT5123JtC
3063,UT1604mhL
3064,tD8794PsD
3065,aq0631juC
3066,UN8602Aud
3067,XL4722GRR
3068,sO1250QGm
3069,JS0505qQs
3070,lo7686JVO
3071,wJ0425OOk
3072,cI7717TRd
3073,fH8949bYT
3074,II2489EJv
3075,Un4405bvL
3076,gW5072YmC
3077,sv4344QJU
3078,vg4552CGk
3079,Ug1547VNz
3080,TJ9230MEA
3081,gO4832nEd
3082,NU0944gJu
3083,Jm4497gjA
3084,lL1427Tue
3085,dr8307XOW
3086,us9903IXI
3087,EG5903vtV
3088,wr4358ImC
3089,hR5876gOt
3090,ax0557FYg
3091,ba0724HsQ
3092,pD1431OgX
3093,nI6164Yxf
3094,Hr6601XGn
3095,qM6456hUF
3096,bf1593CAU
3097,mS3936bJA
3098,Kv6169FxI
3099,eu2014qSR
3100,fW8477Wgt
3101,Gi5413ZIX
3102,RT5759sFy
3103,Pc5334RNE
3104,jK6328nse
3105,RW0556zZc
3106,fO1730Ayd
3107,Dn2368UEn
3108,pi1042YNi
3109,AS9919fuf
3110,gk3959tFN
3111,ut0073klz
3112,dO3546tsQ
3113,WB5851vRS
3114,QS2686bSm
3115,aj3562aHC
3116,Wt0042Mrv
3117,Wr6510EOK
3118,hf7289lXa
3119,Ak1906qVM
3120,pU9097cWn
3121,Rk5159eDe
3122,DG5809hkJ
3123,JH7637LaS
3124,ja3239tKi
3125,ip4716YZX
3126,Al1877SWS
3127,dk4898lWt
3128,kq0303iXI
3129,QM0632pqe
3130,Ce5822KBV
3131,lN2226Vor
3132,zQ2837dfi
3133,Gb5905gqd
3134,CN1628VyV
3135,YF9186Eax
3136,HY3219SKo
3137,aT0589Imt
3138,nf6339WTa
3139,jd7400cjo
3140,fe4539kpY
3141,dQ3761AdW
3142,CC3520NoO
3143,cT0987elD
3144,aI4505vRQ
3145,rn5232jBc
3146,kB8740kFU
3147,zI8751CSA
3148,XJ8789qbx
3149,eL5494fku
3150,jn0339Pfi
3151,XR0266bXp
3152,Tn1735kLf
3153,ZM7817Cef
3154,zV8300dPQ
3155,cV2655UBf
3156,ZI0954lYP
3157,qf5778DVw
3158,hR8795MNH
3159,bV0328QgA
3160,rF1072YcM
3161,HC6690EgK
3162,KX2158ZXP
3163,wh7731GNQ
3164,RK9181fhv
3165,Dw8612CSM
3166,jA2804UqM
3167,AU7811BWc
3168,ad1262LJN
3169,nc8961FTc
3170,ue3604Tgb
3171,nl8273aQR
3172,qm1508hTu
3173,uO9383sYK
3174,MW5020yEw
3175,YA2321bis
3176,Xy7498sMW
3177,No3635PBG
3178,GD4132Jok
3179,Hk0775dQB
3180,rC9616RQR
3181,bV8471SaZ
3182,ve7770cbx
3183,an0573RxF
3184,nD9915npr
3185,Nq0174ExS
3186,TG1336lcs
3187,RU2169pQY
3188,UF5118RcZ
3189,FT5220afZ
3190,Hf9504LDg
3191,HM2745OLk
3192,xX1992qye
3193,EV0722xLF
3194,xa6012JEP
3195,Az4602ZrJ
3196,mI5703Upf
3197,uQ4711Dwk
3198,rP9148ird
3199,QS9130FNM
3200,sG7394qxU
3201,tm5818lrJ
3202,dK0059xOY
3203,la4919PgP
3204,cT5979ZcS
3205,jD4013QEI
3206,Bo7805yua
3207,Li3338ZWf
3208,jj5295lZm
3209,dF8902zty
3210,EK6916YyN
3211,vq8648Sih
3212,BS6059Taj
3213,ly1439HJc
3214,yu1884DnU
3215,Xo0721HMZ
3216,cn5391qXR
3217,Hi0263zLu
3218,FM0920SoR
3219,YA9997RJa
3220,XZ2583hve
3221,Vl6753eCk
3222,ze3757tql
3223,KN4085IRI
3224,VP9508iMv
3225,HS3126ZCe
3226,jc0656RJM
3227,Iq3278LjI
3228,Lx9105zIK
3229,gA9813xug
3230,qT2563lfR
3231,bX5797clx
3232,Wd4582hnT
3233,PZ6444qxz
3234,dX3569KKF
3235,GL4791jWr
3236,uq5218uTf
3237,LG4217Gxb
3238,qW0180PsX
3239,Pl0867phQ
3240,fU2744aKb
3241,RM4521vAa
3242,gx9248KlK
3243,ZX6329PpW
3244,YE5002QTs
3245,DE2795DyI
3246,tI0169Dkf
3247,dq2633xOU
3248,Xm1131eyq
3249,aO3385FBe
3250,Tz1611hyC
3251,ZA3802Nmb
3252,DN8704Awg
3253,bf5120emT
3254,BW5848RTt
3255,gz4307wMO
3256,Sg9940Ztw
3257,XN7604HuK
3258,Ok1337Jjz
3259,XF6730jVB
3260,Lc6092WxT
3261,fS8336Jqe
3262,Jk4195Vic
3263,yj5565EJB
3264,pB9580vrX
3265,Nb9289anb
3266,xF8644nSr
3267,ji2824fuv
3268,yA7766IhF
3269,kY9820ayv
3270,vM0158cEp
3271,wW0646OKL
3272,dG8374cya
3273,ZK6416jdt
3274,IR5243zPo
3275,GB3759lpY
3276,EP0782BLA
3277,BI8614nVP
3278,BI4685Coy
3279,Da4866rha
3280,kH8449jxE
3281,no7806ibJ
3282,yr2399qdJ
3283,WW6459klq
3284,Wg8574AlC
3285,FB5046qLR
3286,Sv6063tlZ
3287,TY1531Buk
3288,AO9601gst
3289,AS2240AqW
3290,UJ5511apO
3291,kl3694ery
3292,Ci5392Zpt
3293,Hd7188dTa
3294,cs9520FrH
3295,ap2658VbW
3296,aI1122OrB
3297,YY9020sOm
3298,KM5313Hhu
3299,op5784hmG
3300,kO4932evF
3301,HH1975NSn
3302,Vm5354dtD
3303,Ef3894KYy
3304,Tc2760DXq
3305,jX9826VJI
3306,OG8504OSn
3307,tU7947Jmm
3308,eq0057WWK
3309,tD5119uKR
3310,Xi0892VZR
3311,oc8269ZBf
3312,es4469rwk
3313,rC4048uua
3314,ZE2968ZVL
3315,Lj1283xcF
3316,lJ2119GHf
3317,Gy1067tzM
3318,MG2057aha
3319,sc7044yCJ
3320,JL6641jsA
3321,cO2292YnD
3322,So9088iog
3323,Of1766xXY
3324,DT2122CEU
3325,qD8534cDp
3326,DH8890eFf
3327,fX5966HwO
3328,MV0784ZBY
3329,du4208DOm
3330,mf5708swV
3331,cO6916arg
3332,Gl1807cGw
3333,Bq0254QLe
3334,zp6640acC
3335,zK5409Ody
3336,lR6114Sae
3337,Ij8429goN
3338,mm1481peS
3339,Ik4591ewn
3340,MY1357uFZ
3341,vb1665fmb
3342,zk2267pRZ
3343,Rq6976Snb
3344,cO3365bEE
3345,cJ1707Tll
3346,Ng1852gvQ
3347,Qx2945AvO
3348,MF8416czM
3349,Na6073bBr
3350,Ae9651MXn
3351,OV0720xee
3352,Xb7247Ckl
3353,bW6059EVU
3354,fC0498JBu
3355,GR1279CaG
3356,EV2293SSO
3357,rQ8719JaC
3358,oY5272alU
3359,fL4827JQs
3360,uX1976UCn
3361,zP9148PBE
3362,GH4829ZsS
3363,jk8102JzR
3364,oI9150hgg
3365,ZD9919QNl
3366,VU8160eJe
3367,pS9288OFq
3368,Yi8972kff
3369,SJ1476wHq
3370,JM7390tzZ
3371,jN2854Blb
3372,yc2961WzX
3373,oD8115Jza
3374,jD8243DOt
3375,UX0788iFR
3376,KN8521vSg
3377,Bz2381wWm
3378,Wt5132Pdg
3379,Lv0651PCN
3380,ST2756sAV
3381,Wf0988AKD
3382,mo7982CGd
3383,KD6897dkI
3384,Wi8385oWX
3385,zy9641uTl
3386,VX3589gPy
3387,kC1321sPw
3388,PH3127Max
3389,uO6636RRA
3390,PF7300xxB
3391,Mr4488oHG
3392,BC5244zLF
3393,eN8952zpx
3394,aY7105uWu
3395,ZL6518JeR
3396,QD8542kYH
3397,RO4078CvW
3398,iq7404Fdt
3399,EY1898Dnz
3400,SQ0145rxt
3401,Ui5673GaR
3402,Wh4674GDL
3403,VH8427TcN
3404,Kb7023SmS
3405,ey4659ngq
3406,BU4366zzB
3407,yR0554tJw
3408,Zx3150mkN
3409,HF2226suu
3410,zk7084SgH
3411,ds6203OZe
3412,ey8832cBo
3413,Hm3943gTy
3414,KI0915lGV
3415,se2713lDv
3416,sz2805rBT
3417,so9896LHC
3418,Wl0111GEu
3419,IW7189INa
3420,OI4623WLp
3421,lG1287Ors
3422,yn8014IGg
3423,zM5821HsS
3424,Os6959pGF
3425,kS8616KWi
3426,XX2017iMb
3427,sD3987Kyk
3428,tf5985BVa
3429,aj6748WpX
3430,sR9068aqC
3431,vH3218sHr
3432,GS9119Wgg
3433,ME9215TeM
3434,kX2154fcM
3435,HX8953mNC
3436,gN4482CiC
3437,nw5232zmI
3438,Kg4233ero
3439,eK0447YPk
3440,Bp7277NCm
3441,MZ6321WEG
3442,DP9276vMf
3443,bB8640Vwv
3444,eE8059gBk
3445,Ps8305sbw
3446,dG6893BtH
3447,ci5387FYj
3448,Il3337yvm
3449,MX1184LJX
3450,UD0031jaU
3451,Jz8792eVH
3452,RT8060tGH
3453,hw1299ZtL
3454,kt8276EWv
3455,NA9073btT
3456,Su1105uPr
3457,Ib5265BEe
3458,Wh2096WYQ
3459,XL1482Fyi
3460,kL1083KSh
3461,HM2348BAq
3462,vS0501TiH
3463,PK3835uYV
3464,hK4936RNU
3465,nX3580wWw
3466,UX1332VBb
3467,Am3499thl
3468,TG1330HGM
3469,uU5885ntS
3470,JS5599IWz
3471,or8404aIb
3472,kX3161pEK
3473,tg8575FAI
3474,sv1472jWT
3475,aa9069odi
3476,tc5769ybB
3477,WY1507ODq
3478,Fk4204vii
3479,XC3941XHx
3480,Hu8453tEQ
3481,lh0385BSn
3482,iW0117KaJ
3483,KS2154Xwi
3484,ka4622spW
3485,ra3384QYR
3486,rs8157FLt
3487,Vs9074QsA
3488,bj7488OKZ
3489,CF8945ucO
3490,hZ9308yFZ
3491,pt1540fGl
3492,ap0369MNO
3493,Fq3536PCs
3494,yQ1967Cxl
3495,Zw6133jTS
3496,sW8995qwK
3497,tk1699hhA
3498,fe8949QIK
3499,wt3403anZ
3500,CN8120lls
3501,je4370fgM
3502,Nh9304iXt
3503,fH2728LKL
3504,hu8004YfP
3505,jP9863RHV
3506,Hz5270xsf
3507,iV3980FHa
3508,mn8504iGA
3509,DM1218gof
3510,Qb3305kse
3511,Ap4767WLO
3512,bD0100QzH
3513,Sy0121EBH
3514,DL4856TQa
3515,dh6735WPn
3516,xv3803Eyt
3517,qu1442bre
3518,iH3982myS
3519,Ky7324hGs
3520,hB0974wHj
3521,em5228RqR
3522,ta9511ZOW
3523,TL1990MGa
3524,Za3746grV
3525,ja1831btr
3526,HG4109yiZ
3527,Nk5671CnW
3528,Th5077Klg
3529,Ks6086jbB
3530,lZ8901ySb
3531,RI9675aGw
3532,qx3896XlO
3533,po5900yAq
3534,cl0794ftL
3535,cy7073aKV
3536,IE7570znr
3537,qy2240CcJ
3538,qE1363PFC
3539,QG7546mNJ
3540,gs7019Xsb
3541,mG9205byN
3542,AK1306srw
3543,Ie4105NFX
3544,II3624nWZ
3545,pe1479qPU
3546,Iw2570WTN
3547,GA6210npH
3548,Ap3979YhM
3549,mR1139nWv
3550,CM4014UGf
3551,fS8556uGw
3552,RC6239OGV
3553,Ae3343GnV
3554,Uw0376Tkq
3555,eh2201XeL
3556,Og3095hTQ
3557,yh5122Ixn
3558,nb1847iPi
3559,Tl6995BUH
3560,En2797XNo
3561,xf0031Xgz
3562,YH3953dtZ
3563,pg9379DnS
3564,sM4404cjS
3565,NW7648Fgj
3566,Ec5753ktT
3567,md0040xRi
3568,nD6248ZcG
3569,OK9086aye
3570,eI8169qGN
3571,sd4434zJs
3572,ej7679TlW
3573,lk4147aYx
3574,sq7681XSu
3575,vF4326JAh
3576,Fy1958PbN
3577,Lc8177LaO
3578,CB4083LYn
3579,SS5913yua
3580,sb5557Rej
3581,dK4143ajr
3582,eN7984OXv
3583,sy7697nXO
3584,di1536GJJ
3585,EI0536PET
3586,Jx9974rKn
3587,FA3616Kvx
3588,tf5002jqE
3589,qu3759uZr
3590,Kr5113ngU
3591,Qn9999XUW
3592,xf9597uzJ
3593,Rb2969gSR
3594,eb8218hqO
3595,wQ7661Jqv
3596,Fs9960wgY
3597,lE3061QBb
3598,nr9594YLr
3599,wq6707EXj
3600,xI3455fcb
3601,wB3893ovx
3602,Tv2471Hgn
3603,xI0975PEn
3604,oP9729CFS
3605,kZ3218umv
3606,dd1849sRj
3607,BB1704KaJ
3608,vd6444Pjo
3609,HI4818SyX
3610,cM5918Ykw
3611,lE7517Rwu
3612,lK2220mXq
3613,Gy3116zMl
3614,SD8123cbp
3615,Qk6023fVq
3616,QW6062nZy
3617,bZ9896JLz
3618,dy7288AjM
3619,Ar9035Omq
3620,Gb5503DNL
3621,At3415YHB
3622,tF7244BhD
3623,gN5650UcW
3624,BF1976StZ
3625,Wl8082OTm
3626,CE5200zTa
3627,JJ8603gta
3628,iS2912lke
3629,XZ9151CLE
3630,iE7767BBu
3631,DF4482eDR
3632,lO2732UBs
3633,Is2218wEA
3634,JY1494Cnz
3635,Bh3944YEz
3636,hi2965YyS
3637,iP0867yRD
3638,Pn5239wAO
3639,so4992nGp
3640,uf0485tsv
3641,wI5411uxY
3642,MY2844MAn
3643,WI8416FsX
3644,On5287XoI
3645,eP7231Gmj
3646,tq0295ydh
3647,jN5457Tzk
3648,Gp1270VTt
3649,Im3046Leq
3650,Bu9982UQE
3651,za8253VMV
3652,DT4657QgF
3653,JO4043jvr
3654,TP8224RUI
3655,wA7469vjR
3656,UN8979qJq
3657,He6106ZwX
3658,Ss5819qLQ
3659,sS7984Nmy
3660,tH0398VHp
3661,YX7132zeM
3662,DT5463fSZ
3663,qM4144tkg
3664,ff6112IlX
3665,Rq6057New
3666,nf3918tTz
3667,In5304AKL
3668,Yi6449ZYk
3669,Rp8381xof
3670,nZ1228zwA
3671,Wf4856ykW
3672,CY5323ubL
3673,Se9813hjR
3674,jI3225jKg
3675,oL3855nyq
3676,UA0480XLn
3677,tz0862YGx
3678,ky0369gEY
3679,hd5121RiU
3680,DS4757ZEj
3681,Mk8937jyh
3682,nx8719wgd
3683,Bj0514gxt
3684,En5015cKx
3685,lT2890sgP
3686,YY7757SIk
3687,up1244MlX
3688,rP9691bLO
3689,KK4855uTw
3690,QJ8956NqQ
3691,ot6649Pfj
3692,ou9276dAr
3693,Ys8816gTR
3694,Dk1617ZJH
3695,KO3412YXZ
3696,Xi5429Syy
3697,aW4749vle
3698,gn2210oQJ
3699,zk8682SUK
3700,fo8562qNK
3701,Og0442qzQ
3702,HI2963jjN
3703,do5508rSF
3704,NT5896Uhh
3705,dv9569YCY
3706,ek7510FtF
3707,dp3512lnq
3708,Qd6237VTw
3709,og5102SQS
3710,gg8405dtg
3711,Wd7956EYQ
3712,jN7963BXm
3713,yE1970vBe
3714,fs2822ytT
3715,XS8236imb
3716,sX5633McG
3717,zl9188Dib
3718,Dz2327pVE
3719,sy2866uAK
3720,fP3205red
3721,hf3556Iaj
3722,sx0988kpJ
3723,Lk6484YOm
3724,Km6516Hsf
3725,TZ9405vXi
3726,Je4671noP
3727,uO4670Rys
3728,TU7810mCE
3729,Ra6372mml
3730,Qk1596lvs
3731,VN3423fdN
3732,hZ8884RCD
3733,Lq6184lXo
3734,tv6604ysX
3735,BQ3452pNK
3736,xC5077ooX
3737,hX9269ykg
3738,Qf1589wuH
3739,RH2608vug
3740,BC2077OBy
3741,zb9824aVc
3742,qX6325syp
3743,ag7911PAn
3744,oF5471aKD
3745,xb9768ZvV
3746,iI0829egc
3747,CO3323QYv
3748,zh8962goQ
3749,XP7715hLX
3750,zy8452qYO
3751,fA3970kdB
3752,wh4249zwD
3753,KN1910ayF
3754,gn4087vGn
3755,ot5635AsO
3756,lX0317CoB
3757,bE9830QEy
3758,aa5854YGI
3759,fa0743cAT
3760,Wm9586Eva
3761,Lc6888akO
3762,FM1074Eur
3763,Tw1495uCS
3764,Mq7986Jvi
3765,Jz8011Bat
3766,DP6083oVD
3767,Ym6877TKX
3768,XH4266zXN
3769,rU8797Oly
3770,fO8581kng
3771,IG7821DQW
3772,oD6521HZJ
3773,cx6647xgF
3774,Og7877YlI
3775,SR4479GAd
3776,av1632WDj
3777,JF5582GVs
3778,Fe0898ciQ
3779,pU5761Xkw
3780,vk8475fVD
3781,ew8042bVz
3782,UH9548mtQ
3783,VW4385IfF
3784,Yk0548HOC
3785,HM7881syC
3786,MP1490dHN
3787,Tk1629jXy
3788,fN6117Bzq
3789,xE8046fFZ
3790,SF6546UWq
3791,cs0164Wav
3792,nw5733oco
3793,pn0472hRm
3794,rd4681hBi
3795,wr8176gXl
3796,LR6103aCv
3797,en9725EMm
3798,Xw7478wFS
3799,FH7718rTY
3800,rb1320aYN
3801,rA1643pEn
3802,NY4585AsI
3803,ui2564JQl
3804,Jz0274Ypt
3805,Xs8602ZVv
3806,qu3771LlZ
3807,bc3118EzB
3808,mu3468tKH
3809,mb3539IKS
3810,Hd6128CqG
3811,Ja6878cwh
3812,Ku0986HOA
3813,Bo8675KNr
3814,xY4274mhm
3815,RF6844zNd
3816,uf5059jQz
3817,Eo6183uPY
3818,QQ7941lsT
3819,wJ6686DAe
3820,kh9638sqe
3821,cV2167IQO
3822,nU4991Ecr
3823,XY3594IXe
3824,Wg3643kJo
3825,xT1251KAC
3826,YE4855gSj
3827,Jl3187xQU
3828,CW2490Rnb
3829,On4230AuY
3830,Jm2476Amx
3831,KL6946WrN
3832,TO1632FZJ
3833,iu3299VVR
3834,nn0407DUL
3835,oU7175gom
3836,JA5550EOQ
3837,yv0651mTK
3838,wM6539xsl
3839,Jz3367HpA
3840,Yp6594UEK
3841,lo4183Cfb
3842,fB4704zqA
3843,ZZ8473IAC
3844,fH3758dTI
3845,bf6273nol
3846,pl0380Tef
3847,xw3030onX
3848,Cd6226Tje
3849,JT4883AGk
3850,Nf1050tVM
3851,ee6566iXF
3852,Do0642NJb
3853,cX3068YLR
3854,IR6044QgN
3855,rl6518yoM
3856,aJ1041JEU
3857,Ra0781syb
3858,iz0740TsB
3859,gx5858kkH
3860,rw5477Jcf
3861,Kg1715CNr
3862,AU1514ClM
3863,hk6809IKq
3864,tG5403nvs
3865,vW9806UpV
3866,Aj1086Srl
3867,Zq4157RVl
3868,Bf8016MXA
3869,rs5180kFy
3870,dB8718RXY
3871,gN0134JIo
3872,cu9226kGL
3873,Fe7122ldP
3874,RG4685hMF
3875,JX9194zZD
3876,Oz5009GfM
3877,Et1474SlY
3878,LZ5327Tkq
3879,hV3618GEr
3880,PO6308DjH
3881,Eg1795aod
3882,Xo4634tAr
3883,CO6588hJq
3884,Go1579UIl
3885,pw4510URh
3886,vQ1853rhu
3887,hc9242yLI
3888,WJ1979KpZ
3889,eK8395xsI
3890,rr0739tvL
3891,sB4350ELG
3892,EX2340uMX
3893,lZ9436ytP
3894,zt4274oGp
3895,si7089ucj
3896,gq0178oYp
3897,iG7291tas
3898,Bh7141fox
3899,fl6782JlF
3900,oB8656HJo
3901,vJ3189VHR
3902,FB5927cEB
3903,sl5113BKW
3904,Qd3405KaC
3905,Jk8735lQZ
3906,Bj3885Qbk
3907,DN8280alf
3908,TV8221Pqj
3909,BQ7786Jys
3910,ya1690iAI
3911,ZP9943tSv
3912,Xd2482RJE
3913,Hw0552nfg
3914,ew9016mSC
3915,Py5736Kcz
3916,FF3098kFM
3917,YB1165twC
3918,id2631JtC
3919,Pn7154cgd
3920,Cg7146qwv
3921,QO6944QVT
3922,oz7975bNS
3923,mL1734rOz
3924,XF9977yqM
3925,Vs7115nPw
3926,EB8521CwH
3927,GR0357kpx
3928,BX7879aqd
3929,fe6624bUi
3930,Ex5934dPT
3931,OZ8674pRy
3932,lP9536JPk
3933,fJ8383qpJ
3934,tl6120Hvv
3935,vh2922kgi
3936,ZF1237vEG
3937,we4991ZOp
3938,zw2024aXt
3939,FP9271xwR
3940,dX6507KOr
3941,Gq2264Vwl
3942,Gq5078qMd
3943,LT8544ATp
3944,kH1091Bwd
3945,mo5985YtO
3946,Lr5542QIS
3947,nV6061GLM
3948,yX8311peu
3949,sX8196rSI
3950,bP8744uSD
3951,bl5376jha
3952,my9199BBK
3953,If8379TGn
3954,PW7776VSQ
3955,TR8490iLO
3956,uz2122nCB
3957,ck7192zXX
3958,Yb3897yfz
3959,Gq7528ZYP
3960,uk3929olL
3961,iL0730JgN
3962,rV7005Zib
3963,uw4443JLB
3964,ob7334DPL
3965,zj6869atb
3966,OR7105dnV
3967,Gc5762JML
3968,CS2732vur
3969,qf2049Djr
3970,Jh4704Xwl
3971,mH3037VIp
3972,GU0908xNt
3973,Ag6789qCh
3974,na2296JLq
3975,uT3854hwF
3976,NH4976xmj
3977,Om7786AiW
3978,JI4381csy
3979,cY6377FQh
3980,AE4597WBR
3981,OK1508XUz
3982,Oy4507qJp
3983,kK8957XQS
3984,NX6426kon
3985,eL9138pxh
3986,Qb1478dGv
3987,JX7173XyX
3988,Qk2957dKH
3989,PT2913TDv
3990,Ww6002fRL
3991,bg5950Eto
3992,Td2858GPr
3993,YB8257Qpw
3994,cr7518Hbm
3995,hW8846oOs
3996,Kg0541QYH
3997,TR4752AXg
3998,Ft1685qkJ
3999,Wf3776GRh
